Data,Atraso(ms),Hop_count,Bottleneck,Vazao_BBR,mask_applied
2024-01-15 12:00:00,25.98,6.0,100.0,855995644.0,0
2024-01-15 18:00:00,25.98,6.0,100.0,853018154.0,0
2024-01-16 00:00:00,25.98,6.0,100.0,857843714.0,0
2024-01-16 06:00:00,25.98,6.0,100.0,855329558.0,1
2024-01-16 12:00:00,25.98,6.0,100.0,855329558.0,1
2024-01-16 18:00:00,25.98,6.0,100.0,855329558.0,1
2024-01-17 00:00:00,25.98,6.0,100.0,855329558.0,1
2024-01-17 06:00:00,25.98,6.0,100.0,855329558.0,1
2024-01-17 12:00:00,25.98,6.0,100.0,855329558.0,1
2024-01-17 18:00:00,25.98,6.0,100.0,855329558.0,1
2024-01-18 00:00:00,25.98,6.0,100.0,855329558.0,1
2024-01-18 06:00:00,25.98,6.0,100.0,855329558.0,1
2024-01-18 12:00:00,25.98,6.0,100.0,855329558.0,1
2024-01-18 18:00:00,26.29,6.0,100.0,857422352.0,0
2024-01-19 00:00:00,25.98,6.0,100.0,855329558.0,1
2024-01-19 06:00:00,25.98,6.0,100.0,855329558.0,1
2024-01-19 12:00:00,26.78,6.0,100.0,786538666.0,0
2024-01-19 18:00:00,26.83,6.0,100.0,854606594.5,0
2024-01-20 00:00:00,26.44,6.0,100.0,858788037.0,0
2024-01-20 06:00:00,26.21,6.0,100.0,857788626.0,0
2024-01-20 12:00:00,25.32,6.0,100.0,845096798.0,0
2024-01-20 18:00:00,25.96,6.0,100.0,855966113.0,0
2024-01-21 00:00:00,25.98,6.0,100.0,855329558.0,1
2024-01-21 06:00:00,25.47,6.0,100.0,854852909.0,0
2024-01-21 12:00:00,26.83,6.0,100.0,855849571.0,0
2024-01-21 18:00:00,26.13,6.0,100.0,855797399.0,0
2024-01-22 00:00:00,25.98,6.0,100.0,855329558.0,1
2024-01-22 06:00:00,25.12,6.0,100.0,854328363.0,0
2024-01-22 12:00:00,26.78,6.0,100.0,841965321.0,0
2024-01-22 18:00:00,26.85,6.0,100.0,847249577.0,0
2024-01-23 00:00:00,25.98,6.0,100.0,855329558.0,1
2024-01-23 06:00:00,25.98,6.0,100.0,855329558.0,1
2024-01-23 12:00:00,25.98,6.0,100.0,855329558.0,1
2024-01-23 18:00:00,25.98,6.0,100.0,855329558.0,1
2024-01-24 00:00:00,26.27,6.0,100.0,858054545.0,0
2024-01-24 06:00:00,25.98,6.0,100.0,855329558.0,1
2024-01-24 12:00:00,25.9,6.0,100.0,856964032.0,0
2024-01-24 18:00:00,26.82,6.0,100.0,855433476.0,0
2024-01-25 00:00:00,25.98,6.0,100.0,855329558.0,1
2024-01-25 06:00:00,26.4,6.0,100.0,855168408.0,0
2024-01-25 12:00:00,27.14,6.0,100.0,832358213.0,0
2024-01-25 18:00:00,25.41,8.0,100.0,854330414.0,0
2024-01-26 00:00:00,26.42,6.0,100.0,854275849.0,0
2024-01-26 06:00:00,27.11,6.0,100.0,857266352.0,0
2024-01-26 12:00:00,26.89,6.0,100.0,856495162.0,0
2024-01-26 18:00:00,26.49,6.0,100.0,854326228.0,0
2024-01-27 00:00:00,25.98,6.0,100.0,855329558.0,1
2024-01-27 06:00:00,25.98,6.0,100.0,855329558.0,1
2024-01-27 12:00:00,26.38,6.0,100.0,853859791.0,0
2024-01-27 18:00:00,27.24,6.0,100.0,857003559.5,0
2024-01-28 00:00:00,25.98,6.0,100.0,855329558.0,1
2024-01-28 06:00:00,26.87,6.0,100.0,856142562.5,0
2024-01-28 12:00:00,25.98,6.0,100.0,855329558.0,1
2024-01-28 18:00:00,26.75,6.0,100.0,853909957.0,0
2024-01-29 00:00:00,24.35,6.0,100.0,853544406.0,0
2024-01-29 06:00:00,25.98,6.0,100.0,855329558.0,1
2024-01-29 12:00:00,25.98,6.0,100.0,855329558.0,1
2024-01-29 18:00:00,25.98,6.0,100.0,855329558.0,1
2024-01-30 00:00:00,25.07,7.0,100.0,851917786.0,0
2024-01-30 06:00:00,24.93,7.0,100.0,845470919.0,0
2024-01-30 12:00:00,25.98,6.0,100.0,855329558.0,1
2024-01-30 18:00:00,26.58,6.0,100.0,857580797.0,0
2024-01-31 00:00:00,25.98,6.0,100.0,855329558.0,1
2024-01-31 06:00:00,25.98,6.0,100.0,855329558.0,1
2024-01-31 12:00:00,25.98,6.0,100.0,855329558.0,1
2024-01-31 18:00:00,26.92,6.0,100.0,855112530.0,0
2024-02-01 00:00:00,26.22,6.0,100.0,852441223.0,0
2024-02-01 06:00:00,26.51,6.0,100.0,855449669.0,0
2024-02-01 12:00:00,26.99,6.0,100.0,848197876.0,0
2024-02-01 18:00:00,26.49,6.0,100.0,848932605.0,0
2024-02-02 00:00:00,25.98,6.0,100.0,855329558.0,1
2024-02-02 06:00:00,25.98,6.0,100.0,855329558.0,1
2024-02-02 12:00:00,25.98,6.0,100.0,855329558.0,1
2024-02-02 18:00:00,25.98,6.0,100.0,855329558.0,1
2024-02-03 00:00:00,25.98,6.0,100.0,855329558.0,1
2024-02-03 06:00:00,26.96,6.0,100.0,855010452.0,0
2024-02-03 12:00:00,27.22,6.0,100.0,854694724.0,0
2024-02-03 18:00:00,25.98,6.0,100.0,855329558.0,1
2024-02-04 00:00:00,25.98,6.0,100.0,855329558.0,1
2024-02-04 06:00:00,25.98,6.0,100.0,855329558.0,1
2024-02-04 12:00:00,27.06,6.0,100.0,855493450.0,0
2024-02-04 18:00:00,26.88,6.0,100.0,855637887.0,0
2024-02-05 00:00:00,25.98,6.0,100.0,855329558.0,1
2024-02-05 06:00:00,25.98,6.0,100.0,855329558.0,1
2024-02-05 12:00:00,25.98,6.0,100.0,855329558.0,1
2024-02-05 18:00:00,25.98,6.0,100.0,855329558.0,1
2024-02-06 00:00:00,25.98,6.0,100.0,855329558.0,1
2024-02-06 06:00:00,25.98,6.0,100.0,855329558.0,1
2024-02-06 12:00:00,25.98,6.0,100.0,855329558.0,1
2024-02-06 18:00:00,26.45,6.0,100.0,859876837.0,0
2024-02-07 00:00:00,26.62,6.0,100.0,854542779.0,0
2024-02-07 06:00:00,26.27,6.0,100.0,854381177.0,0
2024-02-07 12:00:00,25.98,6.0,100.0,855329558.0,1
2024-02-07 18:00:00,25.98,6.0,100.0,855329558.0,1
2024-02-08 00:00:00,25.98,6.0,100.0,855329558.0,1
2024-02-08 06:00:00,25.98,6.0,100.0,855329558.0,1
2024-02-08 12:00:00,27.08,6.0,100.0,857823769.0,0
2024-02-08 18:00:00,25.98,6.0,100.0,855329558.0,1
2024-02-09 00:00:00,25.98,6.0,100.0,855329558.0,1
2024-02-09 06:00:00,25.98,6.0,100.0,855329558.0,1
2024-02-09 12:00:00,26.44,6.0,100.0,859047734.0,0
2024-02-09 18:00:00,26.66,6.0,100.0,850693902.0,0
2024-02-10 00:00:00,25.98,6.0,100.0,855329558.0,1
2024-02-10 06:00:00,26.6,6.0,100.0,856212463.0,0
2024-02-10 12:00:00,25.98,6.0,100.0,855329558.0,1
2024-02-10 18:00:00,26.8,6.0,100.0,853468361.0,0
2024-02-11 00:00:00,26.25,6.0,100.0,842696837.0,0
2024-02-11 06:00:00,26.38,6.0,100.0,851603127.0,0
2024-02-11 12:00:00,26.25,6.0,100.0,832309821.0,0
2024-02-11 18:00:00,26.37,6.0,100.0,853492702.0,0
2024-02-12 00:00:00,26.72,6.0,100.0,854066689.0,0
2024-02-12 06:00:00,25.98,6.0,100.0,855329558.0,1
2024-02-12 12:00:00,25.98,6.0,100.0,855329558.0,1
2024-02-12 18:00:00,26.21,6.0,100.0,851839377.0,0
2024-02-13 00:00:00,25.98,6.0,100.0,855329558.0,1
2024-02-13 06:00:00,26.71,6.0,100.0,855165579.0,0
2024-02-13 12:00:00,26.57,6.0,100.0,856468208.5,0
2024-02-13 18:00:00,26.77,6.0,100.0,852842552.0,0
2024-02-14 00:00:00,25.98,6.0,100.0,855329558.0,1
2024-02-14 06:00:00,26.55,6.0,100.0,854017676.0,0
2024-02-14 12:00:00,26.66,6.0,100.0,855189874.0,0
2024-02-14 18:00:00,26.77,6.0,100.0,854423485.0,0
2024-02-15 00:00:00,25.98,6.0,100.0,855329558.0,1
2024-02-15 06:00:00,25.18,6.0,100.0,853674240.0,0
2024-02-15 12:00:00,26.28,6.0,100.0,859990982.0,0
2024-02-15 18:00:00,25.72,6.0,100.0,852131080.0,0
2024-02-16 00:00:00,26.98,6.0,100.0,852650853.0,0
2024-02-16 06:00:00,25.66,6.0,100.0,855321604.0,0
2024-02-16 12:00:00,26.97,6.0,100.0,851235188.0,0
2024-02-16 18:00:00,26.65,6.0,100.0,858524454.0,0
2024-02-17 00:00:00,25.98,6.0,100.0,855329558.0,1
2024-02-17 06:00:00,25.98,6.0,100.0,855329558.0,1
2024-02-17 12:00:00,25.98,6.0,100.0,855329558.0,1
2024-02-17 18:00:00,25.98,6.0,100.0,855329558.0,1
2024-02-18 00:00:00,25.98,6.0,100.0,855329558.0,1
2024-02-18 06:00:00,26.65,6.0,100.0,855329558.0,0
2024-02-18 12:00:00,26.42,6.0,100.0,851104568.5,0
2024-02-18 18:00:00,26.5,6.0,100.0,856139925.0,0
2024-02-19 00:00:00,26.69,6.0,100.0,847946575.0,0
2024-02-19 06:00:00,25.98,6.0,100.0,855329558.0,1
2024-02-19 12:00:00,25.98,6.0,100.0,855329558.0,1
2024-02-19 18:00:00,26.1,6.0,100.0,853759458.0,0
2024-02-20 00:00:00,25.98,6.0,100.0,855329558.0,1
2024-02-20 06:00:00,26.08,6.0,100.0,854590335.0,0
2024-02-20 12:00:00,26.45,6.0,100.0,854513037.0,0
2024-02-20 18:00:00,25.78,6.0,100.0,855381987.0,0
2024-02-21 00:00:00,25.98,6.0,100.0,855329558.0,1
2024-02-21 06:00:00,26.19,6.0,100.0,854908665.0,0
2024-02-21 12:00:00,26.47,6.0,100.0,825150605.5,0
2024-02-21 18:00:00,25.98,6.0,100.0,855329558.0,1
2024-02-22 00:00:00,25.98,6.0,100.0,855329558.0,1
2024-02-22 06:00:00,26.57,6.0,100.0,855154305.0,0
2024-02-22 12:00:00,25.98,6.0,100.0,856558560.0,0
2024-02-22 18:00:00,26.26,6.0,100.0,853961916.0,0
2024-02-23 00:00:00,25.98,6.0,100.0,855329558.0,1
2024-02-23 06:00:00,25.69,6.0,100.0,854697160.0,0
2024-02-23 12:00:00,25.98,6.0,100.0,855329558.0,1
2024-02-23 18:00:00,25.88,6.0,100.0,846572106.0,0
2024-02-24 00:00:00,25.98,6.0,100.0,855329558.0,1
2024-02-24 06:00:00,26.51,6.0,100.0,855380533.0,0
2024-02-24 12:00:00,26.15,6.0,100.0,854173981.0,0
2024-02-24 18:00:00,21.53,6.0,100.0,853461579.5,0
2024-02-25 00:00:00,25.98,6.0,100.0,855329558.0,1
2024-02-25 06:00:00,22.33,6.0,100.0,853700007.0,0
2024-02-25 12:00:00,25.98,6.0,100.0,855329558.0,1
2024-02-25 18:00:00,20.75,6.0,100.0,854015712.0,0
2024-02-26 00:00:00,20.4,6.0,100.0,852075584.0,0
2024-02-26 06:00:00,19.6,6.0,100.0,857114893.0,0
2024-02-26 12:00:00,25.98,6.0,100.0,855329558.0,1
2024-02-26 18:00:00,20.77,6.0,100.0,856431143.5,0
2024-02-27 00:00:00,25.98,6.0,100.0,855329558.0,1
2024-02-27 06:00:00,25.98,6.0,100.0,855329558.0,1
2024-02-27 12:00:00,25.98,6.0,100.0,855329558.0,1
2024-02-27 18:00:00,30.49,7.0,100.0,849396964.0,0
2024-02-28 00:00:00,21.68,6.0,100.0,853857272.0,0
2024-02-28 06:00:00,21.9,6.0,100.0,855526613.0,0
2024-02-28 12:00:00,22.44,6.0,100.0,850342962.0,0
2024-02-28 18:00:00,19.91,6.0,100.0,855900630.0,0
2024-02-29 00:00:00,22.13,6.0,100.0,848954853.0,0
2024-02-29 06:00:00,21.67,6.0,100.0,856268788.0,0
2024-02-29 12:00:00,21.24,6.0,100.0,856954263.0,0
2024-02-29 18:00:00,20.26,6.0,100.0,852811276.0,0
2024-03-01 00:00:00,21.27,6.0,100.0,843632453.0,0
2024-03-01 06:00:00,25.98,6.0,100.0,855329558.0,1
2024-03-01 12:00:00,25.98,6.0,100.0,855329558.0,1
2024-03-01 18:00:00,25.98,6.0,100.0,855329558.0,1
2024-03-02 00:00:00,21.54,6.0,100.0,853910768.0,0
2024-03-02 06:00:00,21.81,6.0,100.0,855960335.0,0
2024-03-02 12:00:00,21.71,6.0,100.0,854594439.0,0
2024-03-02 18:00:00,25.98,6.0,100.0,855329558.0,1
2024-03-03 00:00:00,25.98,6.0,100.0,855329558.0,1
2024-03-03 06:00:00,21.53,6.0,100.0,851926893.0,0
2024-03-03 12:00:00,25.98,6.0,100.0,855329558.0,1
2024-03-03 18:00:00,21.09,6.0,100.0,857190024.5,0
2024-03-04 00:00:00,25.98,6.0,100.0,855329558.0,1
2024-03-04 06:00:00,21.33,6.0,100.0,851391283.0,0
2024-03-04 12:00:00,21.96,6.0,100.0,836102117.0,0
2024-03-04 18:00:00,26.75,6.0,100.0,856843792.0,0
2024-03-05 00:00:00,24.84,6.0,100.0,853597475.0,0
2024-03-05 06:00:00,25.24,6.0,100.0,856633520.0,0
2024-03-05 12:00:00,25.98,6.0,100.0,855329558.0,1
2024-03-05 18:00:00,25.98,6.0,100.0,855329558.0,1
2024-03-06 00:00:00,25.98,6.0,100.0,855329558.0,1
2024-03-06 06:00:00,25.98,6.0,100.0,855329558.0,1
2024-03-06 12:00:00,25.98,6.0,100.0,855329558.0,1
2024-03-06 18:00:00,25.98,6.0,100.0,855329558.0,1
2024-03-07 00:00:00,25.98,6.0,100.0,855329558.0,1
2024-03-07 06:00:00,25.98,6.0,100.0,855329558.0,1
2024-03-07 12:00:00,25.98,6.0,100.0,855329558.0,1
2024-03-07 18:00:00,25.78,6.0,100.0,857815311.5,0
2024-03-08 00:00:00,25.98,6.0,100.0,855329558.0,1
2024-03-08 06:00:00,25.81,6.0,100.0,844960786.0,0
2024-03-08 12:00:00,26.62,6.0,100.0,855954129.0,0
2024-03-08 18:00:00,28.47,6.0,100.0,853093980.5,0
2024-03-09 00:00:00,25.98,6.0,100.0,855329558.0,1
2024-03-09 06:00:00,25.98,6.0,100.0,855329558.0,1
2024-03-09 12:00:00,26.56,6.0,100.0,855664954.0,0
2024-03-09 18:00:00,25.98,6.0,100.0,855329558.0,1
2024-03-10 00:00:00,25.98,6.0,100.0,855329558.0,1
2024-03-10 06:00:00,25.98,6.0,100.0,855329558.0,1
2024-03-10 12:00:00,26.92,6.0,100.0,839020393.0,0
2024-03-10 18:00:00,25.98,6.0,100.0,855329558.0,1
2024-03-11 00:00:00,25.39,6.0,100.0,853968364.0,0
2024-03-11 06:00:00,25.89,6.0,100.0,860520821.0,0
2024-03-11 12:00:00,25.98,6.0,100.0,855329558.0,1
2024-03-11 18:00:00,25.98,6.0,100.0,855329558.0,1
2024-03-12 00:00:00,26.11,6.0,100.0,851967616.0,0
2024-03-12 06:00:00,17.21,6.0,100.0,857264317.0,0
2024-03-12 12:00:00,25.98,6.0,100.0,855329558.0,1
2024-03-12 18:00:00,17.91,6.0,100.0,853364229.0,0
2024-03-13 00:00:00,25.98,6.0,100.0,855329558.0,1
2024-03-13 06:00:00,18.17,6.0,100.0,851471585.5,0
2024-03-13 12:00:00,17.53,6.0,100.0,856105209.0,0
2024-03-13 18:00:00,18.84,6.0,100.0,851618912.0,0
2024-03-14 00:00:00,25.98,6.0,100.0,855329558.0,1
2024-03-14 06:00:00,25.98,6.0,100.0,855329558.0,1
2024-03-14 12:00:00,19.59,6.0,100.0,772223795.0,0
2024-03-14 18:00:00,18.41,6.0,100.0,852104814.0,0
2024-03-15 00:00:00,25.98,6.0,100.0,855329558.0,1
2024-03-15 06:00:00,17.81,6.0,100.0,853883071.0,0
2024-03-15 12:00:00,18.61,6.0,100.0,811692151.5,0
2024-03-15 18:00:00,25.26,6.0,100.0,845678827.0,0
2024-03-16 00:00:00,25.98,6.0,100.0,855329558.0,1
2024-03-16 06:00:00,26.62,6.0,100.0,843528903.0,0
2024-03-16 12:00:00,26.54,6.0,100.0,848078660.0,0
2024-03-16 18:00:00,26.25,6.0,100.0,855744927.0,0
2024-03-17 00:00:00,26.32,6.0,100.0,855323443.0,0
2024-03-17 06:00:00,25.98,6.0,100.0,855329558.0,1
2024-03-17 12:00:00,25.88,6.0,100.0,848617266.0,0
2024-03-17 18:00:00,26.02,6.0,100.0,852365646.5,0
2024-03-18 00:00:00,25.98,6.0,100.0,855329558.0,1
2024-03-18 06:00:00,25.98,6.0,100.0,855329558.0,1
2024-03-18 12:00:00,25.98,6.0,100.0,855329558.0,1
2024-03-18 18:00:00,25.82,6.0,100.0,850973214.0,0
2024-03-19 00:00:00,25.98,6.0,100.0,855329558.0,1
2024-03-19 06:00:00,25.64,6.0,100.0,849083040.0,0
2024-03-19 12:00:00,26.98,6.0,100.0,857529354.0,0
2024-03-19 18:00:00,27.99,6.0,100.0,853017828.0,0
2024-03-20 00:00:00,25.98,6.0,100.0,855329558.0,1
2024-03-20 06:00:00,28.84,6.0,100.0,850768135.0,0
2024-03-20 12:00:00,28.81,6.0,100.0,855025308.5,0
2024-03-20 18:00:00,25.98,6.0,100.0,855329558.0,1
2024-03-21 00:00:00,28.8,6.0,100.0,854009307.0,0
2024-03-21 06:00:00,27.67,6.0,100.0,855535639.0,0
2024-03-21 12:00:00,27.65,6.0,100.0,855194066.5,0
2024-03-21 18:00:00,27.54,6.0,100.0,855086698.0,0
2024-03-22 00:00:00,25.98,6.0,100.0,855329558.0,1
2024-03-22 06:00:00,25.98,6.0,100.0,855329558.0,1
2024-03-22 12:00:00,25.98,6.0,100.0,855329558.0,1
2024-03-22 18:00:00,26.98,6.0,100.0,853158448.5,0
2024-03-23 00:00:00,25.98,6.0,100.0,855329558.0,1
2024-03-23 06:00:00,25.6,6.0,100.0,855482526.0,0
2024-03-23 12:00:00,25.7,6.0,100.0,802242268.0,0
2024-03-23 18:00:00,25.96,6.0,100.0,853530148.5,0
2024-03-24 00:00:00,24.59,6.0,100.0,841802579.0,0
2024-03-24 06:00:00,26.9,6.0,100.0,855329239.0,0
2024-03-24 12:00:00,25.98,6.0,100.0,855329558.0,1
2024-03-24 18:00:00,33.25,6.0,100.0,849971887.0,0
2024-03-25 00:00:00,25.98,6.0,100.0,855329558.0,1
2024-03-25 06:00:00,25.98,6.0,100.0,855329558.0,1
2024-03-25 12:00:00,25.07,6.0,100.0,855580662.0,0
2024-03-25 18:00:00,25.78,6.0,100.0,855482098.0,0
2024-03-26 00:00:00,25.98,6.0,100.0,855329558.0,1
2024-03-26 06:00:00,26.1,6.0,100.0,845629865.0,0
2024-03-26 12:00:00,27.66,6.0,100.0,857003393.0,0
2024-03-26 18:00:00,27.2,6.0,100.0,855119884.0,0
2024-03-27 00:00:00,25.98,6.0,100.0,851827281.0,0
2024-03-27 06:00:00,25.98,6.0,100.0,857161494.0,0
2024-03-27 12:00:00,25.47,6.0,100.0,856317406.0,0
2024-03-27 18:00:00,27.31,6.0,100.0,854702246.0,0
2024-03-28 00:00:00,25.98,6.0,100.0,854276789.0,0
2024-03-28 06:00:00,25.98,6.0,100.0,854906535.0,0
2024-03-28 12:00:00,27.34,6.0,100.0,854383783.0,0
2024-03-28 18:00:00,27.52,6.0,100.0,856324043.0,0
2024-03-29 00:00:00,25.98,6.0,100.0,853893096.5,0
2024-03-29 06:00:00,25.98,6.0,100.0,851495502.0,0
2024-03-29 12:00:00,22.45,6.0,100.0,852757331.0,0
2024-03-29 18:00:00,25.51,6.0,100.0,853359304.0,0
2024-03-30 00:00:00,25.98,6.0,100.0,855329558.0,1
2024-03-30 06:00:00,25.98,6.0,100.0,853368873.33,0
2024-03-30 12:00:00,25.98,6.0,100.0,855329558.0,1
2024-03-30 18:00:00,25.49,6.0,100.0,855440609.0,0
2024-03-31 00:00:00,25.98,6.0,100.0,855329558.0,1
2024-03-31 06:00:00,25.98,6.0,100.0,855376085.0,0
2024-03-31 12:00:00,25.98,6.0,100.0,855329558.0,1
2024-03-31 18:00:00,24.55,6.0,100.0,852022492.0,0
2024-04-01 00:00:00,25.98,6.0,100.0,855329558.0,1
2024-04-01 06:00:00,24.8,6.0,100.0,860620989.0,0
2024-04-01 12:00:00,25.2,6.0,100.0,857549756.0,0
2024-04-01 18:00:00,25.58,6.0,100.0,855744756.0,0
2024-04-02 00:00:00,25.98,6.0,100.0,855329558.0,1
2024-04-02 06:00:00,26.14,6.0,100.0,856554598.5,0
2024-04-02 12:00:00,25.96,6.0,100.0,857187922.0,0
2024-04-02 18:00:00,26.9,6.0,100.0,857394898.5,0
2024-04-03 00:00:00,25.98,6.0,100.0,855329558.0,1
2024-04-03 06:00:00,25.98,6.0,100.0,847249238.0,0
2024-04-03 12:00:00,26.7,6.0,100.0,853542144.0,0
2024-04-03 18:00:00,25.12,6.0,100.0,857183724.0,0
2024-04-04 00:00:00,25.98,6.0,100.0,855329558.0,1
2024-04-04 06:00:00,25.98,6.0,100.0,855329558.0,1
2024-04-04 12:00:00,26.04,6.0,100.0,853567910.5,0
2024-04-04 18:00:00,25.52,6.0,100.0,855088733.0,0
2024-04-05 00:00:00,25.98,6.0,100.0,855329558.0,1
2024-04-05 06:00:00,25.98,6.0,100.0,855329558.0,1
2024-04-05 12:00:00,23.59,6.0,100.0,856694723.5,0
2024-04-05 18:00:00,26.48,6.0,100.0,855224871.0,0
2024-04-06 00:00:00,25.98,6.0,100.0,854507820.0,0
2024-04-06 06:00:00,25.98,6.0,100.0,857372710.0,0
2024-04-06 12:00:00,25.67,6.0,100.0,855366780.5,0
2024-04-06 18:00:00,24.65,6.0,100.0,854250403.5,0
2024-04-07 00:00:00,25.98,6.0,100.0,855329558.0,1
2024-04-07 06:00:00,25.98,6.0,100.0,853666947.0,0
2024-04-07 12:00:00,25.65,6.0,100.0,849661345.0,0
2024-04-07 18:00:00,24.17,6.0,100.0,847382920.5,0
2024-04-08 00:00:00,25.98,6.0,100.0,855329558.0,1
2024-04-08 06:00:00,25.98,6.0,100.0,855329558.0,1
2024-04-08 12:00:00,26.5,6.0,100.0,855848030.0,0
2024-04-08 18:00:00,26.35,6.0,100.0,848877035.0,0
2024-04-09 00:00:00,26.76,6.0,100.0,854434033.0,0
2024-04-09 06:00:00,25.18,7.0,100.0,794870255.0,0
2024-04-09 12:00:00,21.18,7.0,100.0,857212294.0,0
2024-04-09 18:00:00,23.48,7.0,100.0,850114869.33,0
2024-04-10 00:00:00,25.98,6.0,100.0,855329558.0,1
2024-04-10 06:00:00,25.98,6.0,100.0,855329558.0,1
2024-04-10 12:00:00,32.72,6.0,100.0,859592090.0,0
2024-04-10 18:00:00,28.48,6.0,100.0,853926935.33,0
2024-04-11 00:00:00,25.98,6.0,100.0,855329558.0,1
2024-04-11 06:00:00,26.68,6.0,100.0,855570163.67,0
2024-04-11 12:00:00,27.51,6.0,100.0,859526213.0,0
2024-04-11 18:00:00,28.38,6.0,100.0,853382638.0,0
2024-04-12 00:00:00,25.98,6.0,100.0,855329558.0,1
2024-04-12 06:00:00,25.98,6.0,100.0,855329558.0,1
2024-04-12 12:00:00,24.29,6.0,100.0,854375473.0,0
2024-04-12 18:00:00,24.03,6.0,100.0,853542357.0,0
2024-04-13 00:00:00,25.98,6.0,100.0,855329558.0,1
2024-04-13 06:00:00,25.98,6.0,100.0,855329558.0,1
2024-04-13 12:00:00,26.21,6.0,100.0,845728423.0,0
2024-04-13 18:00:00,26.04,6.0,100.0,856733794.0,0
2024-04-14 00:00:00,23.42,6.0,100.0,858681548.0,0
2024-04-14 06:00:00,23.8,6.0,100.0,855557567.0,0
2024-04-14 12:00:00,26.68,6.0,100.0,847829020.5,0
2024-04-14 18:00:00,26.7,6.0,100.0,854041414.0,0
2024-04-15 00:00:00,25.98,6.0,100.0,855329558.0,1
2024-04-15 06:00:00,25.98,6.0,100.0,855329558.0,1
2024-04-15 12:00:00,26.39,6.0,100.0,856575846.0,0
2024-04-15 18:00:00,25.98,6.0,100.0,855329558.0,1
2024-04-16 00:00:00,25.98,6.0,100.0,855329558.0,1
2024-04-16 06:00:00,25.98,6.0,100.0,855329558.0,1
2024-04-16 12:00:00,25.24,6.0,100.0,854172657.0,0
2024-04-16 18:00:00,27.03,6.0,100.0,855115951.0,0
2024-04-17 00:00:00,25.98,6.0,100.0,855329558.0,1
2024-04-17 06:00:00,26.89,6.0,100.0,857187938.0,0
2024-04-17 12:00:00,26.85,6.0,100.0,858054245.0,0
2024-04-17 18:00:00,25.98,6.0,100.0,855329558.0,1
2024-04-18 00:00:00,25.98,6.0,100.0,855329558.0,1
2024-04-18 06:00:00,25.98,6.0,100.0,855329558.0,1
2024-04-18 12:00:00,25.86,6.0,100.0,855308475.0,0
2024-04-18 18:00:00,24.11,6.0,100.0,854906429.0,0
2024-04-19 00:00:00,25.98,6.0,100.0,855329558.0,1
2024-04-19 06:00:00,28.98,6.0,100.0,846673664.0,0
2024-04-19 12:00:00,26.36,6.0,100.0,857528990.0,0
2024-04-19 18:00:00,27.7,6.0,100.0,855327163.0,0
2024-04-20 00:00:00,25.98,6.0,100.0,855329558.0,1
2024-04-20 06:00:00,28.24,6.0,100.0,853290013.67,0
2024-04-20 12:00:00,25.98,6.0,100.0,855329558.0,1
2024-04-20 18:00:00,27.94,6.0,100.0,850960520.33,0
2024-04-21 00:00:00,27.4,6.0,100.0,831416575.0,0
2024-04-21 06:00:00,27.02,6.0,100.0,856583447.0,0
2024-04-21 12:00:00,27.57,6.0,100.0,850604085.0,0
2024-04-21 18:00:00,26.46,6.0,100.0,851053680.0,0
2024-04-22 00:00:00,25.98,6.0,100.0,855329558.0,1
2024-04-22 06:00:00,27.51,6.0,100.0,844735486.0,0
2024-04-22 12:00:00,27.18,6.0,100.0,833906718.5,0
2024-04-22 18:00:00,27.72,6.0,100.0,852315847.5,0
2024-04-23 00:00:00,25.98,6.0,100.0,855329558.0,1
2024-04-23 06:00:00,25.98,6.0,100.0,855329558.0,1
2024-04-23 12:00:00,25.98,6.0,100.0,855329558.0,1
2024-04-23 18:00:00,27.15,6.0,100.0,858001644.0,0
2024-04-24 00:00:00,25.98,6.0,100.0,855329558.0,1
2024-04-24 06:00:00,26.4,6.0,100.0,858737068.0,0
2024-04-24 12:00:00,26.83,6.0,100.0,856275302.0,0
2024-04-24 18:00:00,25.98,6.0,100.0,855329558.0,1
2024-04-25 00:00:00,25.98,6.0,100.0,855329558.0,1
2024-04-25 06:00:00,25.98,6.0,100.0,855329558.0,1
2024-04-25 12:00:00,28.38,6.0,100.0,854434546.5,0
2024-04-25 18:00:00,27.41,6.0,100.0,853755125.5,0
2024-04-26 00:00:00,25.98,6.0,100.0,855329558.0,1
2024-04-26 06:00:00,25.98,6.0,100.0,855329558.0,1
2024-04-26 12:00:00,28.29,6.0,100.0,856295109.5,0
2024-04-26 18:00:00,26.82,6.0,100.0,851479792.0,0
2024-04-27 00:00:00,25.98,6.0,100.0,855329558.0,1
2024-04-27 06:00:00,25.98,6.0,100.0,855329558.0,1
2024-04-27 12:00:00,25.98,6.0,100.0,855329558.0,1
2024-04-27 18:00:00,24.45,6.0,100.0,854695921.0,0
2024-04-28 00:00:00,25.98,6.0,100.0,855329558.0,1
2024-04-28 06:00:00,25.98,6.0,100.0,855329558.0,1
2024-04-28 12:00:00,25.98,6.0,100.0,855329558.0,1
2024-04-28 18:00:00,25.98,6.0,100.0,855329558.0,1
2024-04-29 00:00:00,25.98,6.0,100.0,855329558.0,1
2024-04-29 06:00:00,28.13,6.0,100.0,595171648.0,0
2024-04-29 12:00:00,25.98,6.0,100.0,855329558.0,1
2024-04-29 18:00:00,25.98,6.0,100.0,855329558.0,1
2024-04-30 00:00:00,27.22,6.0,100.0,854014943.0,0
2024-04-30 06:00:00,25.98,6.0,100.0,855329558.0,1
2024-04-30 12:00:00,21.84,6.0,20.0,864504072.0,0
2024-04-30 18:00:00,27.41,6.0,20.0,861145149.0,0
2024-05-01 00:00:00,25.98,6.0,100.0,855329558.0,1
2024-05-01 06:00:00,25.98,6.0,100.0,855329558.0,1
2024-05-01 12:00:00,25.98,6.0,100.0,855329558.0,1
2024-05-01 18:00:00,20.99,6.0,20.0,858942963.0,0
2024-05-02 00:00:00,25.98,6.0,100.0,855329558.0,1
2024-05-02 06:00:00,15.69,6.0,100.0,850870994.0,0
2024-05-02 12:00:00,24.39,6.0,20.0,862097534.0,0
2024-05-02 18:00:00,25.98,6.0,100.0,855329558.0,1
2024-05-03 00:00:00,25.98,6.0,100.0,855329558.0,1
2024-05-03 06:00:00,25.98,6.0,100.0,855329558.0,1
2024-05-03 12:00:00,25.1,6.0,20.0,860042594.0,0
2024-05-03 18:00:00,25.98,6.0,100.0,855329558.0,1
2024-05-04 00:00:00,25.98,6.0,100.0,855329558.0,1
2024-05-04 06:00:00,25.75,6.0,20.0,855790124.0,0
2024-05-04 12:00:00,25.5,6.0,20.0,857477611.0,0
2024-05-04 18:00:00,26.66,6.0,20.0,852859033.5,0
2024-05-05 00:00:00,25.98,6.0,100.0,855329558.0,1
2024-05-05 06:00:00,27.23,6.0,100.0,854276874.0,0
2024-05-05 12:00:00,23.0,7.0,20.0,856371890.0,0
2024-05-05 18:00:00,25.98,6.0,100.0,855329558.0,1
2024-05-06 00:00:00,25.98,6.0,100.0,855329558.0,1
2024-05-06 06:00:00,27.99,6.0,20.0,859255946.0,0
2024-05-06 12:00:00,27.49,6.0,20.0,863897061.5,0
2024-05-06 18:00:00,24.48,6.0,20.0,855588388.5,0
2024-05-07 00:00:00,25.98,6.0,100.0,855329558.0,1
2024-05-07 06:00:00,26.44,6.0,20.0,873044115.0,0
2024-05-07 12:00:00,26.75,7.0,100.0,854327253.0,0
2024-05-07 18:00:00,25.87,6.0,100.0,850134862.0,0
2024-05-08 00:00:00,25.98,6.0,100.0,855329558.0,1
2024-05-08 06:00:00,25.98,6.0,100.0,855329558.0,1
2024-05-08 12:00:00,24.71,6.0,20.0,864081169.0,0
2024-05-08 18:00:00,24.63,7.0,100.0,853504917.0,0
2024-05-09 00:00:00,25.98,6.0,100.0,855329558.0,1
2024-05-09 06:00:00,22.84,7.0,100.0,813220067.0,0
2024-05-09 12:00:00,28.43,7.0,100.0,858314288.0,0
2024-05-09 18:00:00,22.33,7.0,100.0,859973812.5,0
2024-05-10 00:00:00,25.98,6.0,100.0,855329558.0,1
2024-05-10 06:00:00,25.98,6.0,100.0,855329558.0,1
2024-05-10 12:00:00,24.98,6.0,20.0,860580875.0,0
2024-05-10 18:00:00,23.9,6.0,20.0,857338245.0,0
2024-05-11 00:00:00,25.98,6.0,100.0,855329558.0,1
2024-05-11 06:00:00,22.84,6.0,20.0,857325339.0,0
2024-05-11 12:00:00,25.98,6.0,100.0,855329558.0,1
2024-05-11 18:00:00,21.16,6.0,20.0,856163973.0,0
2024-05-12 00:00:00,24.9,6.0,20.0,850450498.0,0
2024-05-12 06:00:00,20.98,6.0,20.0,854706384.0,0
2024-05-12 12:00:00,20.48,6.0,20.0,857525816.5,0
2024-05-12 18:00:00,23.97,6.0,20.0,858576261.0,0
2024-05-13 00:00:00,25.98,6.0,100.0,855329558.0,1
2024-05-13 06:00:00,22.66,6.0,20.0,846831280.0,0
2024-05-13 12:00:00,16.83,6.0,20.0,863450321.0,0
2024-05-13 18:00:00,18.47,6.0,20.0,855904653.0,0
2024-05-14 00:00:00,25.98,6.0,100.0,855329558.0,1
2024-05-14 06:00:00,24.58,6.0,20.0,875948443.0,0
2024-05-14 12:00:00,24.15,6.0,20.0,875566651.0,0
2024-05-14 18:00:00,24.96,6.0,20.0,866544772.5,0
2024-05-15 00:00:00,25.98,6.0,100.0,855329558.0,1
2024-05-15 06:00:00,25.14,6.0,20.0,891927397.0,0
2024-05-15 12:00:00,24.52,6.0,20.0,878815719.0,0
2024-05-15 18:00:00,24.93,6.0,20.0,866519410.0,0
2024-05-16 00:00:00,25.98,6.0,100.0,855329558.0,1
2024-05-16 06:00:00,25.44,6.0,20.0,860618771.0,0
2024-05-16 12:00:00,25.75,6.0,20.0,871694685.0,0
2024-05-16 18:00:00,24.29,6.0,20.0,875533934.0,0
2024-05-17 00:00:00,25.98,6.0,100.0,855329558.0,1
2024-05-17 06:00:00,25.98,6.0,20.0,889300773.0,0
2024-05-17 12:00:00,24.42,6.0,20.0,880347435.0,0
2024-05-17 18:00:00,24.89,6.0,20.0,869376795.0,0
2024-05-18 00:00:00,24.34,6.0,20.0,859064967.0,0
2024-05-18 06:00:00,24.05,6.0,20.0,867488659.0,0
2024-05-18 12:00:00,23.28,6.0,20.0,872209049.0,0
2024-05-18 18:00:00,26.04,6.0,20.0,868813149.0,0
2024-05-19 00:00:00,25.98,6.0,100.0,855329558.0,1
2024-05-19 06:00:00,24.39,6.0,20.0,871262145.0,0
2024-05-19 12:00:00,23.92,6.0,20.0,871944680.0,0
2024-05-19 18:00:00,25.98,6.0,100.0,855329558.0,1
2024-05-20 00:00:00,25.98,6.0,100.0,855329558.0,1
2024-05-20 06:00:00,25.98,6.0,100.0,855329558.0,1
2024-05-20 12:00:00,26.88,6.0,20.0,822145007.5,0
2024-05-20 18:00:00,25.98,6.0,100.0,855329558.0,1
2024-05-21 00:00:00,25.98,6.0,100.0,855329558.0,1
2024-05-21 06:00:00,25.98,6.0,100.0,855329558.0,1
2024-05-21 12:00:00,25.63,7.0,20.0,853229661.0,0
2024-05-21 18:00:00,26.19,7.0,20.0,853963454.0,0
2024-05-22 00:00:00,25.98,6.0,100.0,855329558.0,1
2024-05-22 06:00:00,25.98,6.0,100.0,855329558.0,1
2024-05-22 12:00:00,24.12,7.0,100.0,857634169.0,0
2024-05-22 18:00:00,26.91,7.0,100.0,861246067.0,0
2024-05-23 00:00:00,25.98,6.0,100.0,855329558.0,1
2024-05-23 06:00:00,24.12,6.0,20.0,858942885.0,0
2024-05-23 12:00:00,25.45,7.0,100.0,858766274.5,0
2024-05-23 18:00:00,25.98,6.0,100.0,855329558.0,1
2024-05-24 00:00:00,25.98,6.0,100.0,855329558.0,1
2024-05-24 06:00:00,25.98,6.0,100.0,855329558.0,1
2024-05-24 12:00:00,24.44,6.0,20.0,856580449.0,0
2024-05-24 18:00:00,25.98,6.0,100.0,855329558.0,1
2024-05-25 00:00:00,25.98,6.0,100.0,855329558.0,1
2024-05-25 06:00:00,25.98,6.0,100.0,855329558.0,1
2024-05-25 12:00:00,24.33,6.0,20.0,861589933.0,0
2024-05-25 18:00:00,23.93,6.0,20.0,853595853.0,0
2024-05-26 00:00:00,25.98,6.0,100.0,855329558.0,1
2024-05-26 06:00:00,25.98,6.0,100.0,855329558.0,1
2024-05-26 12:00:00,24.31,6.0,20.0,852734776.0,0
2024-05-26 18:00:00,25.09,6.0,20.0,855378737.0,0
2024-05-27 00:00:00,25.98,6.0,100.0,855329558.0,1
2024-05-27 06:00:00,24.6,6.0,20.0,863194323.0,0
2024-05-27 12:00:00,25.98,6.0,100.0,855329558.0,1
2024-05-27 18:00:00,25.98,6.0,100.0,855329558.0,1
2024-05-28 00:00:00,24.32,6.0,20.0,856479103.0,0
2024-05-28 06:00:00,25.98,6.0,100.0,855329558.0,1
2024-05-28 12:00:00,26.43,7.0,100.0,862956485.0,0
2024-05-28 18:00:00,25.98,6.0,100.0,855329558.0,1
2024-05-29 00:00:00,25.98,6.0,20.0,876035885.0,0
2024-05-29 06:00:00,25.98,6.0,20.0,871208629.0,0
2024-05-29 12:00:00,25.98,6.0,100.0,855329558.0,1
2024-05-29 18:00:00,25.98,6.0,100.0,855402278.0,0
2024-05-30 00:00:00,25.98,6.0,100.0,855329558.0,1
2024-05-30 06:00:00,25.98,6.0,100.0,855329558.0,1
2024-05-30 12:00:00,26.68,6.0,20.0,846307889.5,0
2024-05-30 18:00:00,26.45,6.0,20.0,842636937.0,0
2024-05-31 00:00:00,25.98,6.0,100.0,855329558.0,1
2024-05-31 06:00:00,26.78,7.0,100.0,855220680.0,0
2024-05-31 12:00:00,27.3,7.0,100.0,857482499.0,0
2024-05-31 18:00:00,27.04,6.0,100.0,851181951.0,0
2024-06-01 00:00:00,27.54,6.0,20.0,850295975.0,0
2024-06-01 06:00:00,25.84,7.0,100.0,853336396.0,0
2024-06-01 12:00:00,25.99,6.0,20.0,853938435.0,0
2024-06-01 18:00:00,25.98,6.0,100.0,855329558.0,1
2024-06-02 00:00:00,26.22,7.0,100.0,856280073.0,0
2024-06-02 06:00:00,27.57,6.0,20.0,853334263.0,0
2024-06-02 12:00:00,27.84,6.0,20.0,859152335.0,0
2024-06-02 18:00:00,25.52,6.0,20.0,849087773.5,0
2024-06-03 00:00:00,25.98,6.0,100.0,855329558.0,1
2024-06-03 06:00:00,23.55,6.0,20.0,877973870.0,0
2024-06-03 12:00:00,28.76,6.0,100.0,859703160.0,0
2024-06-03 18:00:00,27.05,7.0,100.0,883171040.0,0
2024-06-04 00:00:00,25.98,6.0,100.0,855329558.0,1
2024-06-04 06:00:00,24.62,6.0,20.0,866439923.5,0
2024-06-04 12:00:00,25.98,6.0,100.0,855329558.0,1
2024-06-04 18:00:00,24.96,6.0,20.0,870845111.0,0
2024-06-05 00:00:00,25.98,6.0,100.0,855329558.0,1
2024-06-05 06:00:00,25.07,6.0,20.0,867592736.0,0
2024-06-05 12:00:00,24.64,6.0,20.0,858837868.0,0
2024-06-05 18:00:00,24.62,6.0,20.0,857577409.0,0
2024-06-06 00:00:00,25.98,6.0,100.0,855329558.0,1
2024-06-06 06:00:00,23.66,6.0,20.0,859954989.0,0
2024-06-06 12:00:00,25.98,7.0,100.0,854483856.0,0
2024-06-06 18:00:00,25.98,6.0,20.0,868852115.0,0
2024-06-07 00:00:00,25.98,6.0,100.0,855329558.0,1
2024-06-07 06:00:00,25.98,6.0,100.0,855329558.0,1
2024-06-07 12:00:00,25.69,7.0,100.0,857213065.0,0
2024-06-07 18:00:00,25.98,6.0,100.0,855329558.0,1
2024-06-08 00:00:00,28.22,7.0,100.0,842729429.0,0
2024-06-08 06:00:00,25.98,6.0,100.0,855329558.0,1
2024-06-08 12:00:00,26.71,6.0,100.0,852729667.5,0
2024-06-08 18:00:00,25.88,7.0,100.0,857895113.0,0
2024-06-09 00:00:00,25.98,6.0,100.0,855329558.0,1
2024-06-09 06:00:00,26.91,7.0,100.0,852477920.0,0
2024-06-09 12:00:00,26.24,7.0,100.0,845471817.0,0
2024-06-09 18:00:00,26.16,7.0,100.0,848719451.0,0
2024-06-10 00:00:00,26.25,7.0,100.0,851819870.0,0
2024-06-10 06:00:00,26.37,7.0,100.0,854484087.0,0
2024-06-10 12:00:00,25.98,6.0,100.0,855329558.0,1
2024-06-10 18:00:00,25.98,6.0,100.0,855329558.0,1
2024-06-11 00:00:00,24.73,6.0,20.0,855244922.0,0
2024-06-11 06:00:00,24.61,6.0,20.0,848035331.0,0
2024-06-11 12:00:00,25.66,6.0,20.0,872555914.0,0
2024-06-11 18:00:00,24.55,6.0,20.0,861878465.0,0
2024-06-12 00:00:00,25.98,6.0,100.0,855329558.0,1
2024-06-12 06:00:00,25.98,6.0,100.0,855329558.0,1
2024-06-12 12:00:00,25.64,7.0,100.0,877920080.0,0
2024-06-12 18:00:00,25.12,6.0,20.0,863085169.5,0
2024-06-13 00:00:00,25.98,6.0,100.0,855329558.0,1
2024-06-13 06:00:00,25.89,6.0,20.0,855902556.0,0
2024-06-13 12:00:00,25.98,6.0,100.0,855329558.0,1
2024-06-13 18:00:00,24.89,6.0,20.0,857848861.0,0
2024-06-14 00:00:00,25.98,6.0,100.0,855329558.0,1
2024-06-14 06:00:00,25.98,6.0,100.0,855329558.0,1
2024-06-14 12:00:00,25.98,6.0,100.0,855329558.0,1
2024-06-14 18:00:00,25.98,6.0,20.0,858722895.0,0
2024-06-15 00:00:00,25.98,6.0,100.0,855329558.0,1
2024-06-15 06:00:00,25.98,6.0,20.0,858477841.0,0
2024-06-15 12:00:00,25.98,6.0,100.0,855329558.0,1
2024-06-15 18:00:00,25.98,6.0,100.0,855329558.0,1
2024-06-16 00:00:00,25.98,6.0,100.0,855329558.0,1
2024-06-16 06:00:00,25.98,6.0,100.0,855329558.0,1
2024-06-16 12:00:00,25.98,6.0,100.0,855329558.0,1
2024-06-16 18:00:00,25.98,6.0,100.0,855329558.0,1
2024-06-17 00:00:00,25.98,6.0,100.0,855329558.0,1
2024-06-17 06:00:00,25.98,6.0,100.0,855329558.0,1
2024-06-17 12:00:00,25.98,6.0,100.0,855329558.0,1
2024-06-17 18:00:00,25.98,6.0,100.0,855329558.0,1
2024-06-18 00:00:00,25.98,6.0,100.0,855329558.0,1
2024-06-18 06:00:00,25.98,6.0,100.0,855329558.0,1
2024-06-18 12:00:00,25.98,6.0,100.0,855329558.0,1
2024-06-18 18:00:00,25.98,6.0,100.0,855329558.0,1
2024-06-19 00:00:00,25.98,6.0,100.0,855329558.0,1
2024-06-19 06:00:00,25.98,6.0,100.0,855329558.0,1
2024-06-19 12:00:00,24.47,6.0,20.0,855361102.0,0
2024-06-19 18:00:00,25.98,6.0,100.0,855329558.0,1
2024-06-20 00:00:00,25.98,6.0,100.0,855329558.0,1
2024-06-20 06:00:00,25.98,6.0,100.0,855329558.0,1
2024-06-20 12:00:00,25.98,6.0,100.0,855329558.0,1
2024-06-20 18:00:00,25.98,6.0,100.0,855329558.0,1
2024-06-21 00:00:00,25.98,6.0,100.0,855329558.0,1
2024-06-21 06:00:00,25.98,6.0,100.0,855329558.0,1
2024-06-21 12:00:00,25.98,6.0,100.0,855329558.0,1
2024-06-21 18:00:00,25.98,6.0,100.0,855329558.0,1
2024-06-22 00:00:00,25.98,6.0,100.0,855329558.0,1
2024-06-22 06:00:00,25.98,6.0,100.0,855329558.0,1
2024-06-22 12:00:00,25.98,6.0,100.0,855329558.0,1
2024-06-22 18:00:00,25.98,6.0,100.0,855329558.0,1
2024-06-23 00:00:00,25.98,6.0,100.0,855329558.0,1
2024-06-23 06:00:00,25.98,6.0,100.0,855329558.0,1
2024-06-23 12:00:00,25.98,6.0,100.0,855329558.0,1
2024-06-23 18:00:00,25.98,6.0,100.0,855329558.0,1
2024-06-24 00:00:00,25.98,6.0,100.0,855329558.0,1
2024-06-24 06:00:00,25.98,6.0,100.0,855329558.0,1
2024-06-24 12:00:00,25.98,6.0,100.0,855329558.0,1
2024-06-24 18:00:00,25.98,6.0,100.0,855329558.0,1
2024-06-25 00:00:00,25.98,6.0,100.0,855329558.0,1
2024-06-25 06:00:00,25.98,6.0,100.0,855329558.0,1
2024-06-25 12:00:00,25.98,6.0,100.0,855329558.0,1
2024-06-25 18:00:00,25.98,6.0,100.0,855329558.0,1
2024-06-26 00:00:00,28.14,6.0,20.0,870896428.0,0
2024-06-26 06:00:00,22.05,6.0,20.0,889148154.0,0
2024-06-26 12:00:00,27.12,6.0,20.0,868936490.0,0
2024-06-26 18:00:00,26.54,6.0,20.0,871843048.0,0
2024-06-27 00:00:00,25.98,6.0,100.0,855329558.0,1
2024-06-27 06:00:00,24.46,6.0,20.0,863326282.5,0
2024-06-27 12:00:00,21.8,6.0,20.0,874566124.0,0
2024-06-27 18:00:00,25.05,6.0,20.0,868585931.0,0
2024-06-28 00:00:00,25.48,6.0,20.0,869536343.0,0
2024-06-28 06:00:00,25.54,6.0,20.0,856826886.0,0
2024-06-28 12:00:00,25.98,6.0,100.0,855329558.0,1
2024-06-28 18:00:00,26.76,6.0,20.0,867541175.0,0
2024-06-29 00:00:00,25.98,6.0,100.0,855329558.0,1
2024-06-29 06:00:00,24.9,6.0,20.0,869717659.0,0
2024-06-29 12:00:00,24.68,6.0,20.0,871105905.5,0
2024-06-29 18:00:00,25.75,6.0,20.0,864373868.0,0
2024-06-30 00:00:00,25.98,6.0,100.0,855329558.0,1
2024-06-30 06:00:00,25.56,6.0,20.0,856965470.67,0
2024-06-30 12:00:00,25.17,6.0,20.0,859646289.5,0
2024-06-30 18:00:00,25.98,6.0,100.0,855329558.0,1
2024-07-01 00:00:00,26.5,6.0,100.0,853910683.0,0
2024-07-01 06:00:00,26.26,6.0,100.0,853997381.0,0
2024-07-01 12:00:00,26.09,7.0,100.0,858366030.0,0
2024-07-01 18:00:00,29.15,6.0,20.0,858576840.0,0
2024-07-02 00:00:00,24.79,6.0,20.0,856480002.0,0
2024-07-02 06:00:00,24.86,6.0,20.0,856005445.0,0
2024-07-02 12:00:00,25.98,6.0,100.0,855329558.0,1
2024-07-02 18:00:00,26.14,6.0,20.0,858103928.0,0
2024-07-03 00:00:00,25.5,6.0,20.0,860409596.0,0
2024-07-03 06:00:00,25.84,6.0,20.0,858368176.0,0
2024-07-03 12:00:00,26.12,6.0,20.0,861708308.0,0
2024-07-03 18:00:00,27.83,6.0,20.0,856600788.0,0
2024-07-04 00:00:00,25.98,6.0,100.0,855329558.0,1
2024-07-04 06:00:00,30.47,6.0,20.0,856373988.0,0
2024-07-04 12:00:00,26.29,6.0,20.0,859560901.0,0
2024-07-04 18:00:00,25.32,6.0,20.0,856841325.67,0
2024-07-05 00:00:00,25.33,6.0,20.0,855429070.0,0
2024-07-05 06:00:00,25.98,6.0,100.0,855329558.0,1
2024-07-05 12:00:00,27.25,7.0,100.0,861801364.5,0
2024-07-05 18:00:00,25.7,6.0,20.0,858412022.5,0
2024-07-06 00:00:00,25.98,6.0,100.0,855329558.0,1
2024-07-06 06:00:00,24.12,6.0,20.0,846618145.0,0
2024-07-06 12:00:00,25.55,6.0,20.0,858466982.0,0
2024-07-06 18:00:00,25.42,6.0,20.0,860831910.0,0
2024-07-07 00:00:00,25.98,6.0,100.0,855329558.0,1
2024-07-07 06:00:00,25.4,6.0,20.0,857578609.5,0
2024-07-07 12:00:00,25.98,6.0,20.0,853489053.0,0
2024-07-07 18:00:00,25.72,6.0,20.0,856373389.0,0
2024-07-08 00:00:00,25.98,6.0,100.0,855329558.0,1
2024-07-08 06:00:00,26.4,7.0,100.0,865322927.5,0
2024-07-08 12:00:00,25.32,6.0,20.0,865653821.0,0
2024-07-08 18:00:00,25.19,6.0,20.0,863794836.5,0
2024-07-09 00:00:00,24.69,6.0,20.0,869925981.0,0
2024-07-09 06:00:00,25.47,6.0,20.0,857683382.0,0
2024-07-09 12:00:00,24.92,6.0,20.0,850553783.0,0
2024-07-09 18:00:00,24.93,7.0,20.0,853489544.0,0
2024-07-10 00:00:00,28.56,7.0,100.0,856056547.0,0
2024-07-10 06:00:00,27.43,7.0,100.0,858156915.0,0
2024-07-10 12:00:00,25.98,6.0,100.0,855329558.0,1
2024-07-10 18:00:00,23.66,7.0,20.0,778413040.0,0
2024-07-11 00:00:00,25.98,6.0,100.0,855329558.0,1
2024-07-11 06:00:00,26.36,7.0,100.0,862718664.0,0
2024-07-11 12:00:00,27.11,6.0,100.0,856688562.0,0
2024-07-11 18:00:00,25.98,6.0,100.0,855329558.0,1
2024-07-12 00:00:00,25.98,6.0,100.0,855329558.0,1
2024-07-12 06:00:00,25.98,6.0,100.0,855329558.0,1
2024-07-12 12:00:00,25.98,6.0,100.0,855329558.0,1
2024-07-12 18:00:00,25.98,6.0,100.0,855329558.0,1
2024-07-13 00:00:00,25.98,6.0,100.0,855329558.0,1
2024-07-13 06:00:00,25.98,6.0,100.0,855329558.0,1
2024-07-13 12:00:00,26.31,7.0,20.0,859866731.0,0
2024-07-13 18:00:00,25.98,6.0,100.0,855329558.0,1
2024-07-14 00:00:00,25.98,6.0,100.0,855329558.0,1
2024-07-14 06:00:00,25.98,6.0,100.0,855329558.0,1
2024-07-14 12:00:00,25.98,6.0,100.0,855329558.0,1
2024-07-14 18:00:00,25.98,6.0,100.0,855329558.0,1
2024-07-15 00:00:00,25.98,6.0,100.0,855329558.0,1
2024-07-15 06:00:00,25.98,6.0,100.0,855329558.0,1
2024-07-15 12:00:00,25.98,6.0,100.0,855329558.0,1
2024-07-15 18:00:00,25.98,6.0,100.0,855329558.0,1
2024-07-16 00:00:00,25.98,6.0,100.0,855329558.0,1
2024-07-16 06:00:00,25.98,6.0,100.0,855329558.0,1
2024-07-16 12:00:00,25.98,6.0,100.0,855329558.0,1
2024-07-16 18:00:00,25.98,6.0,100.0,855329558.0,1
2024-07-17 00:00:00,25.98,6.0,100.0,855329558.0,1
2024-07-17 06:00:00,25.98,6.0,100.0,855329558.0,1
2024-07-17 12:00:00,25.98,6.0,100.0,855329558.0,1
2024-07-17 18:00:00,25.98,6.0,100.0,855329558.0,1
2024-07-18 00:00:00,25.98,6.0,100.0,855329558.0,1
2024-07-18 06:00:00,25.98,6.0,100.0,855329558.0,1
2024-07-18 12:00:00,25.98,6.0,100.0,855329558.0,1
2024-07-18 18:00:00,25.98,6.0,100.0,855329558.0,1
2024-07-19 00:00:00,25.98,6.0,100.0,855329558.0,1
2024-07-19 06:00:00,25.98,6.0,100.0,855329558.0,1
2024-07-19 12:00:00,25.98,6.0,100.0,855329558.0,1
2024-07-19 18:00:00,25.98,6.0,100.0,855329558.0,1
2024-07-20 00:00:00,25.98,6.0,100.0,855329558.0,1
2024-07-20 06:00:00,25.98,6.0,100.0,855329558.0,1
2024-07-20 12:00:00,25.98,6.0,100.0,855329558.0,1
2024-07-20 18:00:00,25.98,6.0,100.0,855061085.0,0
2024-07-21 00:00:00,25.98,6.0,100.0,855329558.0,1
2024-07-21 06:00:00,25.98,6.0,100.0,854329431.0,0
2024-07-21 12:00:00,25.98,6.0,100.0,854590465.0,0
2024-07-21 18:00:00,25.98,6.0,100.0,850238657.0,0
2024-07-22 00:00:00,25.98,6.0,100.0,854227647.0,0
2024-07-22 06:00:00,25.98,6.0,100.0,855329558.0,1
2024-07-22 12:00:00,25.98,6.0,100.0,858312528.0,0
2024-07-22 18:00:00,25.98,6.0,100.0,854016737.0,0
2024-07-23 00:00:00,25.98,6.0,100.0,855329558.0,1
2024-07-23 06:00:00,25.98,6.0,100.0,856397766.5,0
2024-07-23 12:00:00,25.98,6.0,100.0,859232395.5,0
2024-07-23 18:00:00,25.98,6.0,100.0,850202552.0,0
2024-07-24 00:00:00,25.98,6.0,100.0,856711225.0,0
2024-07-24 06:00:00,25.98,6.0,100.0,855646250.0,0
2024-07-24 12:00:00,25.98,6.0,100.0,855329558.0,1
2024-07-24 18:00:00,25.98,6.0,100.0,854435742.0,0
2024-07-25 00:00:00,25.98,6.0,100.0,853962301.0,0
2024-07-25 06:00:00,25.98,6.0,100.0,852420940.0,0
2024-07-25 12:00:00,25.98,6.0,100.0,855329558.0,1
2024-07-25 18:00:00,25.98,6.0,100.0,853620830.5,0
2024-07-26 00:00:00,25.98,6.0,100.0,855329558.0,1
2024-07-26 06:00:00,25.98,6.0,100.0,856529862.0,0
2024-07-26 12:00:00,25.98,6.0,100.0,855329558.0,1
2024-07-26 18:00:00,25.98,6.0,100.0,855954172.0,0
2024-07-27 00:00:00,25.98,6.0,100.0,858575531.0,0
2024-07-27 06:00:00,25.98,6.0,100.0,852980188.5,0
2024-07-27 12:00:00,25.98,6.0,100.0,854800779.0,0
2024-07-27 18:00:00,25.98,6.0,100.0,855614026.5,0
2024-07-28 00:00:00,25.98,6.0,100.0,851709646.0,0
2024-07-28 06:00:00,25.98,6.0,100.0,853673961.5,0
2024-07-28 12:00:00,25.98,6.0,100.0,775456327.0,0
2024-07-28 18:00:00,25.98,6.0,100.0,848459767.0,0
2024-07-29 00:00:00,25.98,6.0,100.0,852025370.0,0
2024-07-29 06:00:00,25.98,6.0,100.0,858789412.0,0
