Data,Atraso(ms),Hop_count,Bottleneck,Vazao_BBR,is_imputed
2024-01-15 18:00:00,19.62,9.0,20.0,909693378.5,0
2024-01-16 00:00:00,19.62,9.0,20.0,892698767.600468,1
2024-01-16 06:00:00,19.62,9.0,20.0,922804061.0,0
2024-01-16 12:00:00,19.19,9.0,20.0,884159460.0,0
2024-01-16 18:00:00,23.02,10.0,100.0,902926315.5,0
2024-01-17 00:00:00,19.62,9.0,20.0,892698767.600468,1
2024-01-17 06:00:00,19.62,9.0,20.0,892698767.600468,1
2024-01-17 12:00:00,19.62,9.0,20.0,892698767.600468,1
2024-01-17 18:00:00,19.62,9.0,20.0,892698767.600468,1
2024-01-18 00:00:00,19.62,9.0,20.0,892698767.600468,1
2024-01-18 06:00:00,14.82,10.0,100.0,891239755.0,0
2024-01-18 12:00:00,48.25,10.0,100.0,899049916.0,0
2024-01-18 18:00:00,45.02,10.0,100.0,873202842.0,0
2024-01-19 00:00:00,19.62,9.0,20.0,892698767.600468,1
2024-01-19 06:00:00,19.62,9.0,20.0,892698767.600468,1
2024-01-19 12:00:00,19.62,9.0,20.0,892698767.600468,1
2024-01-19 18:00:00,64.04,12.0,3.0,907385060.0,0
2024-01-20 00:00:00,19.62,9.0,20.0,892698767.600468,1
2024-01-20 06:00:00,19.62,9.0,20.0,892698767.600468,1
2024-01-20 12:00:00,19.62,9.0,20.0,892698767.600468,1
2024-01-20 18:00:00,47.45,10.0,100.0,864867171.0,0
2024-01-21 00:00:00,19.62,9.0,20.0,892698767.600468,1
2024-01-21 06:00:00,19.62,9.0,20.0,892698767.600468,1
2024-01-21 12:00:00,22.37,10.0,100.0,891355841.0,0
2024-01-21 18:00:00,41.04,10.0,100.0,908929216.5,0
2024-01-22 00:00:00,19.62,9.0,20.0,892698767.600468,1
2024-01-22 06:00:00,45.41,11.0,100.0,893127287.0,0
2024-01-22 12:00:00,19.62,9.0,20.0,892698767.600468,1
2024-01-22 18:00:00,19.62,9.0,20.0,892698767.600468,1
2024-01-23 00:00:00,19.62,9.0,20.0,892698767.600468,1
2024-01-23 06:00:00,19.62,9.0,20.0,892698767.600468,1
2024-01-23 12:00:00,19.62,9.0,20.0,892698767.600468,1
2024-01-23 18:00:00,24.69,10.0,100.0,882273395.0,0
2024-01-24 00:00:00,19.62,9.0,20.0,892698767.600468,1
2024-01-24 06:00:00,19.62,9.0,20.0,892698767.600468,1
2024-01-24 12:00:00,19.62,9.0,20.0,892698767.600468,1
2024-01-24 18:00:00,19.62,9.0,20.0,892698767.600468,1
2024-01-25 00:00:00,19.62,9.0,20.0,892698767.600468,1
2024-01-25 06:00:00,22.28,10.0,100.0,883434152.0,0
2024-01-25 12:00:00,48.35,10.0,100.0,887097912.0,0
2024-01-25 18:00:00,19.62,9.0,20.0,892698767.600468,1
2024-01-26 00:00:00,19.62,9.0,20.0,892698767.600468,1
2024-01-26 06:00:00,23.68,10.0,100.0,892130022.0,0
2024-01-26 12:00:00,38.94,9.0,20.0,654471819.0,0
2024-01-26 18:00:00,16.41,10.0,100.0,895667311.5,0
2024-01-27 00:00:00,19.62,9.0,20.0,892698767.600468,1
2024-01-27 06:00:00,16.49,10.0,100.0,880909049.0,0
2024-01-27 12:00:00,21.18,10.0,100.0,896334289.0,0
2024-01-27 18:00:00,40.8,10.0,100.0,903170342.0,0
2024-01-28 00:00:00,19.62,9.0,20.0,892698767.600468,1
2024-01-28 06:00:00,53.11,11.0,10.0,797339582.0,0
2024-01-28 12:00:00,39.72,11.0,10.0,670783534.0,0
2024-01-28 18:00:00,44.07,11.0,10.0,710934296.5,0
2024-01-29 00:00:00,19.62,9.0,20.0,892698767.600468,1
2024-01-29 06:00:00,45.39,11.0,10.0,873281209.5,0
2024-01-29 12:00:00,47.83,10.0,100.0,830495678.5,0
2024-01-29 18:00:00,19.62,9.0,20.0,892698767.600468,1
2024-01-30 00:00:00,19.62,9.0,20.0,892698767.600468,1
2024-01-30 06:00:00,19.62,9.0,20.0,892698767.600468,1
2024-01-30 12:00:00,19.62,9.0,20.0,892698767.600468,1
2024-01-30 18:00:00,47.54,10.0,100.0,863975577.0,0
2024-01-31 00:00:00,47.58,10.0,100.0,903140856.0,0
2024-01-31 06:00:00,22.56,10.0,100.0,881390948.5,0
2024-01-31 12:00:00,49.52,9.0,20.0,915827560.0,0
2024-01-31 18:00:00,14.63,10.0,100.0,905962257.5,0
2024-02-01 00:00:00,19.62,9.0,20.0,892698767.600468,1
2024-02-01 06:00:00,43.47,10.0,100.0,747479120.0,0
2024-02-01 12:00:00,35.74,10.0,100.0,895382225.0,0
2024-02-01 18:00:00,22.51,10.0,100.0,826784389.0,0
2024-02-02 00:00:00,19.62,9.0,20.0,892698767.600468,1
2024-02-02 06:00:00,21.89,10.0,100.0,907600538.0,0
2024-02-02 12:00:00,21.29,10.0,100.0,895284797.0,0
2024-02-02 18:00:00,19.62,9.0,20.0,892698767.600468,1
2024-02-03 00:00:00,48.94,11.0,10.0,852069790.0,0
2024-02-03 06:00:00,48.43,11.0,10.0,838546394.0,0
2024-02-03 12:00:00,36.36,10.0,100.0,829904936.0,0
2024-02-03 18:00:00,38.67,10.0,100.0,833566991.0,0
2024-02-04 00:00:00,19.62,9.0,20.0,892698767.600468,1
2024-02-04 06:00:00,23.94,10.0,100.0,900833938.0,0
2024-02-04 12:00:00,21.14,10.0,100.0,910375640.0,0
2024-02-04 18:00:00,23.32,10.0,100.0,908697097.0,0
2024-02-05 00:00:00,19.62,9.0,20.0,892698767.600468,1
2024-02-05 06:00:00,23.4,10.0,100.0,889885012.0,0
2024-02-05 12:00:00,37.41,10.0,100.0,897655612.0,0
2024-02-05 18:00:00,19.62,9.0,20.0,892698767.600468,1
2024-02-06 00:00:00,19.62,9.0,20.0,892698767.600468,1
2024-02-06 06:00:00,21.47,10.0,100.0,901412144.0,0
2024-02-06 12:00:00,19.62,9.0,20.0,892698767.600468,1
2024-02-06 18:00:00,44.86,10.0,100.0,908067179.0,0
2024-02-07 00:00:00,40.62,10.0,100.0,908795548.0,0
2024-02-07 06:00:00,40.66,10.0,100.0,921071921.0,0
2024-02-07 12:00:00,42.49,10.0,100.0,914368614.0,0
2024-02-07 18:00:00,43.72,10.0,100.0,932603960.0,0
2024-02-08 00:00:00,19.62,9.0,20.0,892698767.600468,1
2024-02-08 06:00:00,15.69,10.0,100.0,894489545.0,0
2024-02-08 12:00:00,19.62,9.0,20.0,892698767.600468,1
2024-02-08 18:00:00,19.62,9.0,20.0,892698767.600468,1
2024-02-09 00:00:00,21.08,10.0,100.0,898606677.0,0
2024-02-09 06:00:00,56.54,10.0,100.0,933546512.0,0
2024-02-09 12:00:00,19.62,9.0,20.0,892698767.600468,1
2024-02-09 18:00:00,19.62,9.0,20.0,892698767.600468,1
2024-02-10 00:00:00,19.62,9.0,20.0,892698767.600468,1
2024-02-10 06:00:00,42.33,10.0,100.0,895799641.0,0
2024-02-10 12:00:00,42.55,10.0,100.0,909483712.0,0
2024-02-10 18:00:00,38.06,10.0,100.0,919603267.0,0
2024-02-11 00:00:00,19.62,9.0,20.0,892698767.600468,1
2024-02-11 06:00:00,38.96,10.0,100.0,871996804.0,0
2024-02-11 12:00:00,36.39,9.0,20.0,879494219.0,0
2024-02-11 18:00:00,43.12,10.0,100.0,899816673.0,0
2024-02-12 00:00:00,48.84,10.0,100.0,906037359.0,0
2024-02-12 06:00:00,43.69,10.0,100.0,922484874.0,0
2024-02-12 12:00:00,44.33,9.0,20.0,897478531.0,0
2024-02-12 18:00:00,18.57,10.0,100.0,904284321.0,0
2024-02-13 00:00:00,17.89,10.0,100.0,883164593.0,0
2024-02-13 06:00:00,18.76,10.0,100.0,897423814.0,0
2024-02-13 12:00:00,18.3,10.0,100.0,893624592.0,0
2024-02-13 18:00:00,14.2,10.0,100.0,908488790.0,0
2024-02-14 00:00:00,19.62,9.0,20.0,892698767.600468,1
2024-02-14 06:00:00,19.62,9.0,20.0,892698767.600468,1
2024-02-14 12:00:00,14.58,10.0,100.0,894155886.0,0
2024-02-14 18:00:00,25.49,10.0,100.0,900728990.0,0
2024-02-15 00:00:00,23.83,10.0,100.0,916036314.0,0
2024-02-15 06:00:00,55.75,10.0,100.0,898839122.0,0
2024-02-15 12:00:00,19.62,9.0,20.0,892698767.600468,1
2024-02-15 18:00:00,33.41,10.0,100.0,911108278.0,0
2024-02-16 00:00:00,19.62,9.0,20.0,892698767.600468,1
2024-02-16 06:00:00,40.98,10.0,100.0,933286375.0,0
2024-02-16 12:00:00,41.86,10.0,100.0,905293451.0,0
2024-02-16 18:00:00,38.66,10.0,100.0,913080986.5,0
2024-02-17 00:00:00,38.97,10.0,100.0,927774543.0,0
2024-02-17 06:00:00,19.62,9.0,20.0,892698767.600468,1
2024-02-17 12:00:00,19.62,9.0,20.0,892698767.600468,1
2024-02-17 18:00:00,44.06,11.0,100.0,906391541.0,0
2024-02-18 00:00:00,19.62,9.0,20.0,892698767.600468,1
2024-02-18 06:00:00,39.73,11.0,100.0,894157402.0,0
2024-02-18 12:00:00,39.13,11.0,100.0,796712819.0,0
2024-02-18 18:00:00,39.61,11.0,100.0,899414220.0,0
2024-02-19 00:00:00,19.62,9.0,20.0,892698767.600468,1
2024-02-19 06:00:00,19.62,9.0,20.0,892698767.600468,1
2024-02-19 12:00:00,40.12,10.0,100.0,931820137.0,0
2024-02-19 18:00:00,48.92,10.0,100.0,919603083.0,0
2024-02-20 00:00:00,19.62,9.0,20.0,892698767.600468,1
2024-02-20 06:00:00,41.65,10.0,100.0,915303775.0,0
2024-02-20 12:00:00,19.62,9.0,20.0,892698767.600468,1
2024-02-20 18:00:00,40.75,10.0,100.0,921124811.0,0
2024-02-21 00:00:00,40.93,10.0,100.0,911553551.0,0
2024-02-21 06:00:00,40.22,10.0,100.0,871714925.0,0
2024-02-21 12:00:00,52.99,11.0,100.0,830342199.0,0
2024-02-21 18:00:00,19.62,9.0,20.0,892698767.600468,1
2024-02-22 00:00:00,13.74,9.0,10.0,916963482.0,0
2024-02-22 06:00:00,40.25,10.0,100.0,905500159.0,0
2024-02-22 12:00:00,19.62,9.0,20.0,892698767.600468,1
2024-02-22 18:00:00,11.65,9.0,10.0,910847319.5,0
2024-02-23 00:00:00,19.62,9.0,20.0,892698767.600468,1
2024-02-23 06:00:00,11.34,9.0,10.0,897162163.0,0
2024-02-23 12:00:00,20.95,9.0,10.0,899259676.0,0
2024-02-23 18:00:00,20.72,9.0,10.0,897793105.0,0
2024-02-24 00:00:00,19.62,9.0,20.0,892698767.600468,1
2024-02-24 06:00:00,19.62,9.0,20.0,892698767.600468,1
2024-02-24 12:00:00,19.62,9.0,20.0,892698767.600468,1
2024-02-24 18:00:00,47.26,10.0,100.0,916352765.0,0
2024-02-25 00:00:00,47.32,10.0,100.0,913783382.0,0
2024-02-25 06:00:00,47.08,10.0,100.0,919237183.0,0
2024-02-25 12:00:00,41.85,10.0,100.0,912395923.0,0
2024-02-25 18:00:00,19.62,9.0,20.0,892698767.600468,1
2024-02-26 00:00:00,19.62,9.0,20.0,892698767.600468,1
2024-02-26 06:00:00,14.7,9.0,10.0,910322210.0,0
2024-02-26 12:00:00,35.83,10.0,100.0,894908350.0,0
2024-02-26 18:00:00,41.43,10.0,100.0,908886413.5,0
2024-02-27 00:00:00,19.62,9.0,20.0,892698767.600468,1
2024-02-27 06:00:00,37.08,10.0,100.0,915985854.0,0
2024-02-27 12:00:00,39.01,9.0,20.0,907019147.0,0
2024-02-27 18:00:00,37.58,10.0,100.0,912184143.5,0
2024-02-28 00:00:00,19.62,9.0,20.0,892698767.600468,1
2024-02-28 06:00:00,40.86,10.0,100.0,893163684.0,0
2024-02-28 12:00:00,19.62,9.0,20.0,892698767.600468,1
2024-02-28 18:00:00,37.11,10.0,100.0,900025872.0,0
2024-02-29 00:00:00,19.62,9.0,20.0,892698767.600468,1
2024-02-29 06:00:00,38.71,10.0,100.0,906338297.0,0
2024-02-29 12:00:00,19.62,9.0,20.0,892698767.600468,1
2024-02-29 18:00:00,48.66,9.0,10.0,858629505.0,0
2024-03-01 00:00:00,15.59,9.0,10.0,911798378.0,0
2024-03-01 06:00:00,40.5,10.0,100.0,919576540.0,0
2024-03-01 12:00:00,19.62,9.0,20.0,892698767.600468,1
2024-03-01 18:00:00,50.09,11.0,10.0,831259671.5,0
2024-03-02 00:00:00,19.62,9.0,20.0,892698767.600468,1
2024-03-02 06:00:00,47.15,10.0,100.0,921699732.0,0
2024-03-02 12:00:00,47.18,10.0,100.0,897844501.0,0
2024-03-02 18:00:00,13.68,9.0,10.0,884998940.0,0
2024-03-03 00:00:00,19.62,9.0,20.0,892698767.600468,1
2024-03-03 06:00:00,20.1,9.0,10.0,901581918.0,0
2024-03-03 12:00:00,19.62,9.0,20.0,892698767.600468,1
2024-03-03 18:00:00,43.23,10.0,100.0,911975269.0,0
2024-03-04 00:00:00,19.62,9.0,20.0,892698767.600468,1
2024-03-04 06:00:00,19.62,9.0,20.0,892698767.600468,1
2024-03-04 12:00:00,19.62,9.0,20.0,892698767.600468,1
2024-03-04 18:00:00,44.98,11.0,10.0,883060971.0,0
2024-03-05 00:00:00,19.62,9.0,20.0,892698767.600468,1
2024-03-05 06:00:00,19.86,9.0,10.0,896532166.0,0
2024-03-05 12:00:00,40.81,11.0,100.0,893336065.0,0
2024-03-05 18:00:00,39.46,11.0,100.0,856845977.0,0
2024-03-06 00:00:00,19.62,9.0,20.0,892698767.600468,1
2024-03-06 06:00:00,45.78,11.0,100.0,900743781.5,0
2024-03-06 12:00:00,49.93,9.0,10.0,918764220.0,0
2024-03-06 18:00:00,19.62,9.0,20.0,892698767.600468,1
2024-03-07 00:00:00,19.62,9.0,20.0,892698767.600468,1
2024-03-07 06:00:00,19.62,9.0,20.0,892698767.600468,1
2024-03-07 12:00:00,19.62,9.0,20.0,892698767.600468,1
2024-03-07 18:00:00,19.62,9.0,20.0,892698767.600468,1
2024-03-08 00:00:00,19.62,9.0,20.0,892698767.600468,1
2024-03-08 06:00:00,39.05,10.0,100.0,889979502.0,0
2024-03-08 12:00:00,19.62,9.0,20.0,892698767.600468,1
2024-03-08 18:00:00,4.2,9.0,10.0,879467048.5,0
2024-03-09 00:00:00,19.62,9.0,20.0,892698767.600468,1
2024-03-09 06:00:00,15.41,9.0,10.0,888422851.0,0
2024-03-09 12:00:00,19.62,9.0,20.0,892698767.600468,1
2024-03-09 18:00:00,19.62,9.0,20.0,892698767.600468,1
2024-03-10 00:00:00,40.05,10.0,100.0,919832020.0,0
2024-03-10 06:00:00,19.62,9.0,20.0,892698767.600468,1
2024-03-10 12:00:00,19.62,9.0,20.0,892698767.600468,1
2024-03-10 18:00:00,19.62,9.0,20.0,892698767.600468,1
2024-03-11 00:00:00,11.13,9.0,10.0,893284082.0,0
2024-03-11 06:00:00,11.5,9.0,10.0,897421974.0,0
2024-03-11 12:00:00,19.62,9.0,20.0,892698767.600468,1
2024-03-11 18:00:00,19.62,9.0,20.0,892698767.600468,1
2024-03-12 00:00:00,19.62,9.0,20.0,892698767.600468,1
2024-03-12 06:00:00,43.57,10.0,100.0,919550148.0,0
2024-03-12 12:00:00,40.99,10.0,100.0,906232804.0,0
2024-03-12 18:00:00,41.7,10.0,100.0,909273269.0,0
2024-03-13 00:00:00,40.65,10.0,100.0,908546306.0,0
2024-03-13 06:00:00,40.44,10.0,100.0,910532745.0,0
2024-03-13 12:00:00,41.12,9.0,20.0,907386965.0,0
2024-03-13 18:00:00,35.39,10.0,100.0,897692127.0,0
2024-03-14 00:00:00,19.62,9.0,20.0,892698767.600468,1
2024-03-14 06:00:00,40.61,10.0,100.0,901934720.0,0
2024-03-14 12:00:00,40.16,10.0,100.0,864454334.5,0
2024-03-14 18:00:00,19.62,9.0,20.0,892698767.600468,1
2024-03-15 00:00:00,39.2,10.0,100.0,908385022.0,0
2024-03-15 06:00:00,50.17,10.0,100.0,903192021.0,0
2024-03-15 12:00:00,51.31,10.0,100.0,853173606.0,0
2024-03-15 18:00:00,40.65,9.0,20.0,911738792.0,0
2024-03-16 00:00:00,19.62,9.0,20.0,892698767.600468,1
2024-03-16 06:00:00,19.41,9.0,10.0,892445166.0,0
2024-03-16 12:00:00,19.62,9.0,20.0,892698767.600468,1
2024-03-16 18:00:00,19.62,9.0,20.0,892698767.600468,1
2024-03-17 00:00:00,19.62,9.0,20.0,892698767.600468,1
2024-03-17 06:00:00,19.62,9.0,20.0,892698767.600468,1
2024-03-17 12:00:00,10.0,9.0,10.0,892391764.0,0
2024-03-17 18:00:00,13.18,9.0,10.0,909224113.0,0
2024-03-18 00:00:00,19.62,9.0,20.0,892698767.600468,1
2024-03-18 06:00:00,19.62,9.0,20.0,892698767.600468,1
2024-03-18 12:00:00,39.42,10.0,100.0,912019484.0,0
2024-03-18 18:00:00,39.98,10.0,100.0,903770546.0,0
2024-03-19 00:00:00,36.3,10.0,100.0,868803747.0,0
2024-03-19 06:00:00,47.84,11.0,3.0,914305706.0,0
2024-03-19 12:00:00,19.62,9.0,20.0,892698767.600468,1
2024-03-19 18:00:00,19.62,9.0,20.0,892698767.600468,1
2024-03-20 00:00:00,19.62,9.0,20.0,892698767.600468,1
2024-03-20 06:00:00,19.62,9.0,20.0,892698767.600468,1
2024-03-20 12:00:00,19.62,9.0,20.0,892698767.600468,1
2024-03-20 18:00:00,19.62,9.0,20.0,892698767.600468,1
2024-03-21 00:00:00,19.62,9.0,20.0,892698767.600468,1
2024-03-21 06:00:00,40.86,10.0,100.0,922083822.0,0
2024-03-21 12:00:00,19.62,9.0,20.0,892698767.600468,1
2024-03-21 18:00:00,39.7,10.0,100.0,911267569.0,0
2024-03-22 00:00:00,35.35,10.0,100.0,920444200.0,0
2024-03-22 06:00:00,19.62,9.0,20.0,892698767.600468,1
2024-03-22 12:00:00,19.62,29.0,100.0,896115021.0,0
2024-03-22 18:00:00,16.33,9.0,10.0,898526436.0,0
2024-03-23 00:00:00,18.16,9.0,10.0,909383174.0,0
2024-03-23 06:00:00,19.62,9.0,20.0,892698767.600468,1
2024-03-23 12:00:00,42.48,10.0,100.0,905813102.0,0
2024-03-23 18:00:00,50.37,10.0,100.0,910421787.0,0
2024-03-24 00:00:00,19.62,9.0,20.0,892698767.600468,1
2024-03-24 06:00:00,51.25,10.0,100.0,904346134.0,0
2024-03-24 12:00:00,16.48,9.0,10.0,902615145.0,0
2024-03-24 18:00:00,28.93,9.0,10.0,918899360.0,0
2024-03-25 00:00:00,19.62,9.0,20.0,892698767.600468,1
2024-03-25 06:00:00,17.11,9.0,10.0,889560027.0,0
2024-03-25 12:00:00,16.95,9.0,10.0,896957290.0,0
2024-03-25 18:00:00,16.92,9.0,10.0,894855832.0,0
2024-03-26 00:00:00,19.62,9.0,20.0,892698767.600468,1
2024-03-26 06:00:00,19.62,9.0,20.0,892698767.600468,1
2024-03-26 12:00:00,19.62,9.0,20.0,892698767.600468,1
2024-03-26 18:00:00,40.68,10.0,100.0,910741823.0,0
2024-03-27 00:00:00,19.62,9.0,20.0,892698767.600468,1
2024-03-27 06:00:00,40.53,10.0,100.0,899633336.0,0
2024-03-27 12:00:00,19.62,9.0,20.0,892698767.600468,1
2024-03-27 18:00:00,45.98,10.0,100.0,908642760.0,0
2024-03-28 00:00:00,19.62,9.0,20.0,892698767.600468,1
2024-03-28 06:00:00,19.62,9.0,20.0,892698767.600468,1
2024-03-28 12:00:00,19.62,9.0,20.0,892698767.600468,1
2024-03-28 18:00:00,19.62,9.0,20.0,892698767.600468,1
2024-03-29 00:00:00,19.62,9.0,20.0,892698767.600468,1
2024-03-29 06:00:00,19.62,9.0,10.0,900675706.0,0
2024-03-29 12:00:00,17.51,9.0,10.0,889979872.5,0
2024-03-29 18:00:00,42.44,10.0,100.0,920967688.0,0
2024-03-30 00:00:00,53.66,10.0,100.0,920073501.0,0
2024-03-30 06:00:00,52.04,10.0,100.0,902668454.0,0
2024-03-30 12:00:00,50.85,10.0,100.0,918500790.0,0
2024-03-30 18:00:00,15.6,9.0,10.0,917139791.0,0
2024-03-31 00:00:00,19.62,9.0,20.0,892698767.600468,1
2024-03-31 06:00:00,19.62,9.0,20.0,892698767.600468,1
2024-03-31 12:00:00,19.62,9.0,20.0,892698767.600468,1
2024-03-31 18:00:00,19.62,9.0,20.0,892698767.600468,1
2024-04-01 00:00:00,19.62,9.0,20.0,892698767.600468,1
2024-04-01 06:00:00,23.58,9.0,10.0,897217822.0,0
2024-04-01 12:00:00,19.62,9.0,20.0,892698767.600468,1
2024-04-01 18:00:00,16.54,9.0,10.0,912083418.0,0
2024-04-02 00:00:00,21.98,9.0,10.0,911034932.0,0
2024-04-02 06:00:00,13.84,9.0,10.0,899185975.0,0
2024-04-02 12:00:00,19.62,9.0,20.0,892698767.600468,1
2024-04-02 18:00:00,19.62,9.0,20.0,892698767.600468,1
2024-04-03 00:00:00,19.62,9.0,20.0,892698767.600468,1
2024-04-03 06:00:00,19.62,9.0,20.0,892698767.600468,1
2024-04-03 12:00:00,19.62,9.0,20.0,892698767.600468,1
2024-04-03 18:00:00,42.97,10.0,100.0,914123348.0,0
2024-04-04 00:00:00,19.62,9.0,20.0,892698767.600468,1
2024-04-04 06:00:00,19.62,9.0,20.0,892698767.600468,1
2024-04-04 12:00:00,36.88,10.0,100.0,916300703.0,0
2024-04-04 18:00:00,37.62,10.0,100.0,910322569.0,0
2024-04-05 00:00:00,19.62,9.0,20.0,892698767.600468,1
2024-04-05 06:00:00,19.62,9.0,20.0,892698767.600468,1
2024-04-05 12:00:00,19.62,9.0,20.0,892698767.600468,1
2024-04-05 18:00:00,19.62,9.0,20.0,892698767.600468,1
2024-04-06 00:00:00,19.62,9.0,20.0,892698767.600468,1
2024-04-06 06:00:00,19.62,10.0,100.0,919573980.5,0
2024-04-06 12:00:00,40.72,10.0,100.0,921647718.0,0
2024-04-06 18:00:00,19.62,9.0,20.0,892698767.600468,1
2024-04-07 00:00:00,37.79,10.0,100.0,915199329.0,0
2024-04-07 06:00:00,37.18,10.0,100.0,911215004.0,0
2024-04-07 12:00:00,36.44,10.0,100.0,914149836.0,0
2024-04-07 18:00:00,36.97,10.0,100.0,918790480.0,0
2024-04-08 00:00:00,19.62,9.0,20.0,892698767.600468,1
2024-04-08 06:00:00,37.6,10.0,100.0,910376186.0,0
2024-04-08 12:00:00,37.4,10.0,100.0,920521737.0,0
2024-04-08 18:00:00,37.7,10.0,100.0,921803945.0,0
2024-04-09 00:00:00,12.41,11.0,10.0,921437542.0,0
2024-04-09 06:00:00,41.52,10.0,100.0,914855701.0,0
2024-04-09 12:00:00,37.15,10.0,100.0,890661701.0,0
2024-04-09 18:00:00,19.62,9.0,20.0,892698767.600468,1
2024-04-10 00:00:00,48.83,11.0,100.0,870266216.0,0
2024-04-10 06:00:00,48.84,10.0,100.0,871913129.0,0
2024-04-10 12:00:00,19.62,9.0,20.0,892698767.600468,1
2024-04-10 18:00:00,43.43,10.0,100.0,874174399.5,0
2024-04-11 00:00:00,19.62,9.0,20.0,892698767.600468,1
2024-04-11 06:00:00,19.62,9.0,20.0,892698767.600468,1
2024-04-11 12:00:00,25.3,10.0,100.0,875666518.0,0
2024-04-11 18:00:00,13.81,9.0,10.0,862244648.0,0
2024-04-12 00:00:00,14.11,9.0,10.0,862037776.0,0
2024-04-12 06:00:00,13.75,9.0,10.0,920860202.5,0
2024-04-12 12:00:00,19.62,9.0,20.0,892698767.600468,1
2024-04-12 18:00:00,15.09,9.0,10.0,895774881.5,0
2024-04-13 00:00:00,19.62,9.0,20.0,892698767.600468,1
2024-04-13 06:00:00,36.48,9.0,10.0,859833738.0,0
2024-04-13 12:00:00,19.62,9.0,20.0,892698767.600468,1
2024-04-13 18:00:00,37.2,11.0,100.0,903115004.0,0
2024-04-14 00:00:00,8.89,11.0,100.0,902721199.0,0
2024-04-14 06:00:00,43.28,9.0,10.0,904844518.5,0
2024-04-14 12:00:00,19.62,9.0,20.0,892698767.600468,1
2024-04-14 18:00:00,13.26,9.0,10.0,921174845.0,0
2024-04-15 00:00:00,19.62,9.0,20.0,892698767.600468,1
2024-04-15 06:00:00,14.35,9.0,10.0,921285007.0,0
2024-04-15 12:00:00,10.03,9.0,10.0,862873104.0,0
2024-04-15 18:00:00,41.07,9.0,10.0,908119971.0,0
2024-04-16 00:00:00,19.62,9.0,20.0,892698767.600468,1
2024-04-16 06:00:00,19.62,9.0,20.0,892698767.600468,1
2024-04-16 12:00:00,19.62,9.0,20.0,892698767.600468,1
2024-04-16 18:00:00,42.42,9.0,10.0,908749637.5,0
2024-04-17 00:00:00,19.62,9.0,20.0,892698767.600468,1
2024-04-17 06:00:00,42.82,9.0,10.0,914413469.0,0
2024-04-17 12:00:00,19.62,9.0,20.0,892698767.600468,1
2024-04-17 18:00:00,43.3,9.0,10.0,908698051.0,0
2024-04-18 00:00:00,19.62,9.0,20.0,892698767.600468,1
2024-04-18 06:00:00,19.62,9.0,20.0,892698767.600468,1
2024-04-18 12:00:00,42.04,9.0,10.0,913206390.0,0
2024-04-18 18:00:00,14.66,9.0,10.0,909902576.67,0
2024-04-19 00:00:00,19.62,9.0,20.0,892698767.600468,1
2024-04-19 06:00:00,19.62,9.0,20.0,892698767.600468,1
2024-04-19 12:00:00,19.62,9.0,20.0,892698767.600468,1
2024-04-19 18:00:00,19.62,9.0,20.0,892698767.600468,1
2024-04-20 00:00:00,19.62,9.0,20.0,892698767.600468,1
2024-04-20 06:00:00,42.06,9.0,10.0,894857085.0,0
2024-04-20 12:00:00,13.93,9.0,10.0,891534956.5,0
2024-04-20 18:00:00,19.62,9.0,20.0,892698767.600468,1
2024-04-21 00:00:00,19.62,9.0,20.0,892698767.600468,1
2024-04-21 06:00:00,23.52,9.0,10.0,878821585.0,0
2024-04-21 12:00:00,46.55,9.0,10.0,911896258.0,0
2024-04-21 18:00:00,17.17,9.0,10.0,916822929.0,0
2024-04-22 00:00:00,19.62,9.0,20.0,892698767.600468,1
2024-04-22 06:00:00,13.6,9.0,10.0,902982260.0,0
2024-04-22 12:00:00,42.88,9.0,10.0,910798715.5,0
2024-04-22 18:00:00,19.62,9.0,20.0,892698767.600468,1
2024-04-23 00:00:00,19.62,9.0,20.0,892698767.600468,1
2024-04-23 06:00:00,13.53,9.0,10.0,901775855.0,0
2024-04-23 12:00:00,19.62,9.0,20.0,892698767.600468,1
2024-04-23 18:00:00,42.71,9.0,10.0,896820487.0,0
2024-04-24 00:00:00,19.62,9.0,20.0,892698767.600468,1
2024-04-24 06:00:00,42.78,9.0,10.0,905944306.5,0
2024-04-24 12:00:00,19.62,9.0,20.0,892698767.600468,1
2024-04-24 18:00:00,19.62,9.0,20.0,892698767.600468,1
2024-04-25 00:00:00,19.62,9.0,20.0,892698767.600468,1
2024-04-25 06:00:00,19.62,9.0,20.0,892698767.600468,1
2024-04-25 12:00:00,19.62,9.0,20.0,892698767.600468,1
2024-04-25 18:00:00,19.62,9.0,20.0,892698767.600468,1
2024-04-26 00:00:00,19.62,9.0,20.0,892698767.600468,1
2024-04-26 06:00:00,19.62,9.0,20.0,892698767.600468,1
2024-04-26 12:00:00,19.62,9.0,20.0,892698767.600468,1
2024-04-26 18:00:00,8.32,9.0,10.0,871839343.0,0
2024-04-27 00:00:00,19.62,9.0,20.0,892698767.600468,1
2024-04-27 06:00:00,19.62,9.0,20.0,892698767.600468,1
2024-04-27 12:00:00,41.25,9.0,10.0,867646597.0,0
2024-04-27 18:00:00,13.04,9.0,10.0,872180933.0,0
2024-04-28 00:00:00,19.62,9.0,20.0,892698767.600468,1
2024-04-28 06:00:00,19.62,9.0,20.0,892698767.600468,1
2024-04-28 12:00:00,19.62,9.0,20.0,892698767.600468,1
2024-04-28 18:00:00,19.62,9.0,20.0,892698767.600468,1
2024-04-29 00:00:00,19.62,9.0,20.0,892698767.600468,1
2024-04-29 06:00:00,11.83,9.0,10.0,918082048.0,0
2024-04-29 12:00:00,19.62,9.0,20.0,892698767.600468,1
2024-04-29 18:00:00,18.97,9.0,20.0,906653323.0,0
2024-04-30 00:00:00,19.62,9.0,20.0,892698767.600468,1
2024-04-30 06:00:00,18.61,9.0,20.0,906860228.0,0
2024-04-30 12:00:00,18.71,9.0,20.0,315779168.0,0
2024-04-30 18:00:00,205.73,13.0,20.0,302724542.0,0
2024-05-01 00:00:00,19.62,9.0,20.0,892698767.600468,1
2024-05-01 06:00:00,19.62,9.0,20.0,892698767.600468,1
2024-05-01 12:00:00,146.38,11.0,100.0,555064937.0,0
2024-05-01 18:00:00,19.62,9.0,20.0,892698767.600468,1
2024-05-02 00:00:00,19.62,9.0,20.0,892698767.600468,1
2024-05-02 06:00:00,19.62,9.0,20.0,892698767.600468,1
2024-05-02 12:00:00,19.62,9.0,20.0,892698767.600468,1
2024-05-02 18:00:00,19.62,9.0,20.0,892698767.600468,1
2024-05-03 00:00:00,18.23,8.0,20.0,898210111.0,0
2024-05-03 06:00:00,18.32,8.0,20.0,894732759.0,0
2024-05-03 12:00:00,18.33,8.0,20.0,897218630.0,0
2024-05-03 18:00:00,19.97,9.0,20.0,912000298.0,0
2024-05-04 00:00:00,19.62,9.0,20.0,892698767.600468,1
2024-05-04 06:00:00,21.97,8.0,20.0,891982031.0,0
2024-05-04 12:00:00,20.63,9.0,10.0,910637785.0,0
2024-05-04 18:00:00,21.89,8.0,20.0,905339748.0,0
2024-05-05 00:00:00,19.62,9.0,20.0,892698767.600468,1
2024-05-05 06:00:00,19.62,9.0,20.0,892698767.600468,1
2024-05-05 12:00:00,20.64,9.0,20.0,894805058.0,0
2024-05-05 18:00:00,19.46,8.0,20.0,893284618.0,0
2024-05-06 00:00:00,19.82,9.0,20.0,894070919.0,0
2024-05-06 06:00:00,19.62,9.0,20.0,892698767.600468,1
2024-05-06 12:00:00,19.47,8.5,20.0,886886778.0,0
2024-05-06 18:00:00,19.62,9.0,20.0,892698767.600468,1
2024-05-07 00:00:00,18.63,8.0,20.0,871420566.0,0
2024-05-07 06:00:00,18.13,8.0,20.0,891639215.0,0
2024-05-07 12:00:00,28.83,9.0,10.0,900281362.5,0
2024-05-07 18:00:00,19.62,9.0,20.0,892698767.600468,1
2024-05-08 00:00:00,19.62,9.0,20.0,892698767.600468,1
2024-05-08 06:00:00,19.62,8.0,20.0,898640146.0,0
2024-05-08 12:00:00,19.62,9.0,20.0,892698767.600468,1
2024-05-08 18:00:00,18.73,9.0,10.0,909059054.0,0
2024-05-09 00:00:00,19.62,9.0,20.0,892698767.600468,1
2024-05-09 06:00:00,19.62,9.0,20.0,892698767.600468,1
2024-05-09 12:00:00,21.76,9.0,20.0,903455475.0,0
2024-05-09 18:00:00,18.66,8.0,20.0,899784685.0,0
2024-05-10 00:00:00,19.62,9.0,20.0,892698767.600468,1
2024-05-10 06:00:00,19.62,9.0,20.0,892698767.600468,1
2024-05-10 12:00:00,17.93,8.0,20.0,872379790.0,0
2024-05-10 18:00:00,19.62,9.0,20.0,892698767.600468,1
2024-05-11 00:00:00,19.62,9.0,20.0,892698767.600468,1
2024-05-11 06:00:00,17.85,8.0,20.0,888564201.0,0
2024-05-11 12:00:00,17.99,8.0,20.0,883087730.5,0
2024-05-11 18:00:00,19.62,9.0,20.0,892698767.600468,1
2024-05-12 00:00:00,19.62,9.0,20.0,892698767.600468,1
2024-05-12 06:00:00,19.62,9.0,20.0,892698767.600468,1
2024-05-12 12:00:00,18.0,8.0,20.0,871298791.0,0
2024-05-12 18:00:00,18.0,8.0,20.0,862013469.0,0
2024-05-13 00:00:00,19.62,9.0,20.0,892698767.600468,1
2024-05-13 06:00:00,19.67,8.0,20.0,867222526.0,0
2024-05-13 12:00:00,14.87,8.0,20.0,894523179.0,0
2024-05-13 18:00:00,11.48,8.0,20.0,896376224.0,0
2024-05-14 00:00:00,27.28,9.0,20.0,900674580.0,0
2024-05-14 06:00:00,18.15,8.0,20.0,888566989.0,0
2024-05-14 12:00:00,19.61,8.0,20.0,896166105.0,0
2024-05-14 18:00:00,18.45,8.0,20.0,885051325.0,0
2024-05-15 00:00:00,19.62,9.0,20.0,892698767.600468,1
2024-05-15 06:00:00,18.25,8.0,20.0,899605313.0,0
2024-05-15 12:00:00,18.05,8.0,20.0,895729935.5,0
2024-05-15 18:00:00,19.62,9.0,20.0,892698767.600468,1
2024-05-16 00:00:00,19.62,9.0,20.0,892698767.600468,1
2024-05-16 06:00:00,18.42,8.0,20.0,894211221.0,0
2024-05-16 12:00:00,18.28,8.0,20.0,894543227.0,0
2024-05-16 18:00:00,19.62,9.0,20.0,892698767.600468,1
2024-05-17 00:00:00,19.62,9.0,20.0,892698767.600468,1
2024-05-17 06:00:00,18.11,8.0,20.0,896463515.0,0
2024-05-17 12:00:00,18.15,8.0,20.0,895799551.0,0
2024-05-17 18:00:00,18.03,8.0,20.0,898656475.0,0
2024-05-18 00:00:00,19.62,9.0,20.0,892698767.600468,1
2024-05-18 06:00:00,18.23,8.0,20.0,895773574.0,0
2024-05-18 12:00:00,18.3,8.0,20.0,900779189.0,0
2024-05-18 18:00:00,19.62,9.0,20.0,892698767.600468,1
2024-05-19 00:00:00,19.47,9.0,20.0,899051894.0,0
2024-05-19 06:00:00,19.34,9.0,20.0,876980615.0,0
2024-05-19 12:00:00,18.86,9.0,20.0,891572483.0,0
2024-05-19 18:00:00,19.68,9.0,20.0,900834344.0,0
2024-05-20 00:00:00,19.62,9.0,20.0,892698767.600468,1
2024-05-20 06:00:00,20.8,9.0,20.0,901410070.5,0
2024-05-20 12:00:00,19.62,9.0,20.0,892698767.600468,1
2024-05-20 18:00:00,19.59,8.0,20.0,899132691.0,0
2024-05-21 00:00:00,19.62,9.0,20.0,892698767.600468,1
2024-05-21 06:00:00,18.81,9.0,20.0,894436177.0,0
2024-05-21 12:00:00,18.56,9.0,20.0,897530736.0,0
2024-05-21 18:00:00,18.82,9.0,20.0,897845354.0,0
2024-05-22 00:00:00,19.62,9.0,20.0,892698767.600468,1
2024-05-22 06:00:00,19.36,9.0,20.0,882798915.0,0
2024-05-22 12:00:00,19.62,9.0,20.0,892698767.600468,1
2024-05-22 18:00:00,18.44,9.0,20.0,895092744.0,0
2024-05-23 00:00:00,19.62,9.0,20.0,892698767.600468,1
2024-05-23 06:00:00,18.28,8.0,20.0,897792477.0,0
2024-05-23 12:00:00,18.2,8.0,20.0,894279651.0,0
2024-05-23 18:00:00,19.26,8.0,20.0,876873258.0,0
2024-05-24 00:00:00,19.62,9.0,20.0,892698767.600468,1
2024-05-24 06:00:00,17.88,8.0,20.0,784756358.0,0
2024-05-24 12:00:00,18.34,8.0,20.0,896112063.0,0
2024-05-24 18:00:00,18.46,8.0,20.0,897162926.0,0
2024-05-25 00:00:00,17.92,8.0,20.0,897321828.0,0
2024-05-25 06:00:00,19.62,9.0,20.0,892698767.600468,1
2024-05-25 12:00:00,17.78,8.0,20.0,896428608.0,0
2024-05-25 18:00:00,18.27,8.0,20.0,898368745.0,0
2024-05-26 00:00:00,19.62,9.0,20.0,892698767.600468,1
2024-05-26 06:00:00,19.62,9.0,20.0,892698767.600468,1
2024-05-26 12:00:00,18.55,8.0,20.0,896594412.0,0
2024-05-26 18:00:00,18.84,8.0,20.0,883111782.5,0
2024-05-27 00:00:00,19.62,9.0,20.0,892698767.600468,1
2024-05-27 06:00:00,19.62,9.0,20.0,892698767.600468,1
2024-05-27 12:00:00,18.54,8.0,20.0,895877521.0,0
2024-05-27 18:00:00,19.62,9.0,20.0,892698767.600468,1
2024-05-28 00:00:00,18.13,8.0,20.0,897630208.0,0
2024-05-28 06:00:00,19.62,9.0,20.0,892698767.600468,1
2024-05-28 12:00:00,27.56,9.0,20.0,898737320.0,0
2024-05-28 18:00:00,18.05,8.0,20.0,893958999.0,0
2024-05-29 00:00:00,18.44,8.0,20.0,898425262.0,0
2024-05-29 06:00:00,19.62,9.0,20.0,892698767.600468,1
2024-05-29 12:00:00,19.62,9.0,20.0,892698767.600468,1
2024-05-29 18:00:00,19.62,9.0,20.0,892698767.600468,1
2024-05-30 00:00:00,20.94,8.0,20.0,897162836.0,0
2024-05-30 06:00:00,19.62,9.0,20.0,892698767.600468,1
2024-05-30 12:00:00,19.33,8.0,20.0,899522180.0,0
2024-05-30 18:00:00,20.81,8.0,20.0,875719954.0,0
2024-05-31 00:00:00,19.62,9.0,20.0,892698767.600468,1
2024-05-31 06:00:00,20.13,8.0,20.0,899418357.0,0
2024-05-31 12:00:00,19.62,9.0,20.0,892698767.600468,1
2024-05-31 18:00:00,20.42,8.0,20.0,895591493.0,0
2024-06-01 00:00:00,19.62,9.0,20.0,892698767.600468,1
2024-06-01 06:00:00,19.62,9.0,20.0,892698767.600468,1
2024-06-01 12:00:00,20.37,8.0,20.0,895538437.0,0
2024-06-01 18:00:00,20.81,8.0,20.0,897687933.0,0
2024-06-02 00:00:00,19.62,9.0,20.0,892698767.600468,1
2024-06-02 06:00:00,19.62,9.0,20.0,892698767.600468,1
2024-06-02 12:00:00,20.66,8.0,20.0,896728790.5,0
2024-06-02 18:00:00,18.9,8.0,20.0,880009547.0,0
2024-06-03 00:00:00,19.62,9.0,20.0,892698767.600468,1
2024-06-03 06:00:00,17.96,8.0,20.0,890852935.5,0
2024-06-03 12:00:00,21.71,9.0,20.0,881879401.0,0
2024-06-03 18:00:00,19.62,9.0,20.0,892698767.600468,1
2024-06-04 00:00:00,18.04,8.0,20.0,862561162.0,0
2024-06-04 06:00:00,18.08,8.0,20.0,886885979.0,0
2024-06-04 12:00:00,17.85,8.0,20.0,897058741.0,0
2024-06-04 18:00:00,18.04,8.0,20.0,896534900.0,0
2024-06-05 00:00:00,19.62,9.0,20.0,892698767.600468,1
2024-06-05 06:00:00,19.62,9.0,20.0,892698767.600468,1
2024-06-05 12:00:00,17.51,8.0,20.0,900465810.0,0
2024-06-05 18:00:00,21.95,9.0,20.0,895438056.0,0
2024-06-06 00:00:00,19.62,9.0,20.0,892698767.600468,1
2024-06-06 06:00:00,19.62,9.0,20.0,892698767.600468,1
2024-06-06 12:00:00,19.62,9.0,20.0,892698767.600468,1
2024-06-06 18:00:00,20.98,9.0,20.0,902746915.0,0
2024-06-07 00:00:00,19.62,9.0,20.0,892698767.600468,1
2024-06-07 06:00:00,20.26,9.0,10.0,897369433.0,0
2024-06-07 12:00:00,19.09,9.0,10.0,896586388.0,0
2024-06-07 18:00:00,18.87,9.0,10.0,828561382.5,0
2024-06-08 00:00:00,19.62,9.0,20.0,892698767.600468,1
2024-06-08 06:00:00,21.24,9.0,10.0,899993945.0,0
2024-06-08 12:00:00,20.73,9.0,10.0,899508425.0,0
2024-06-08 18:00:00,19.62,9.0,20.0,892698767.600468,1
2024-06-09 00:00:00,19.08,9.0,10.0,898053454.0,0
2024-06-09 06:00:00,19.62,9.0,20.0,892698767.600468,1
2024-06-09 12:00:00,19.62,9.0,20.0,892698767.600468,1
2024-06-09 18:00:00,19.62,9.0,20.0,892698767.600468,1
2024-06-10 00:00:00,19.62,9.0,20.0,892698767.600468,1
2024-06-10 06:00:00,19.62,9.0,20.0,892698767.600468,1
2024-06-10 12:00:00,19.62,9.0,20.0,892698767.600468,1
2024-06-10 18:00:00,19.62,9.0,20.0,892698767.600468,1
2024-06-11 00:00:00,19.62,9.0,20.0,892698767.600468,1
2024-06-11 06:00:00,19.62,9.0,20.0,892698767.600468,1
2024-06-11 12:00:00,19.62,9.0,20.0,892698767.600468,1
2024-06-11 18:00:00,19.62,9.0,20.0,892698767.600468,1
2024-06-12 00:00:00,17.98,8.0,20.0,901303365.0,0
2024-06-12 06:00:00,18.29,8.0,20.0,898055025.0,0
2024-06-12 12:00:00,18.59,8.0,20.0,896115290.5,0
2024-06-12 18:00:00,17.05,7.5,20.0,901777028.0,0
2024-06-13 00:00:00,19.62,9.0,20.0,892698767.600468,1
2024-06-13 06:00:00,17.99,8.0,20.0,886832708.0,0
2024-06-13 12:00:00,17.5,8.0,20.0,901514793.0,0
2024-06-13 18:00:00,18.25,8.0,20.0,897270341.0,0
2024-06-14 00:00:00,19.62,9.0,20.0,892698767.600468,1
2024-06-14 06:00:00,19.62,9.0,20.0,892698767.600468,1
2024-06-14 12:00:00,19.62,9.0,20.0,892698767.600468,1
2024-06-14 18:00:00,19.62,9.0,20.0,892698767.600468,1
2024-06-15 00:00:00,19.62,9.0,20.0,892698767.600468,1
2024-06-15 06:00:00,19.62,9.0,20.0,892698767.600468,1
2024-06-15 12:00:00,19.62,9.0,20.0,892698767.600468,1
2024-06-15 18:00:00,19.62,9.0,20.0,892698767.600468,1
2024-06-16 00:00:00,19.62,9.0,20.0,892698767.600468,1
2024-06-16 06:00:00,19.62,9.0,20.0,892698767.600468,1
2024-06-16 12:00:00,19.62,9.0,20.0,892698767.600468,1
2024-06-16 18:00:00,19.62,9.0,20.0,892698767.600468,1
2024-06-17 00:00:00,19.62,9.0,20.0,892698767.600468,1
2024-06-17 06:00:00,19.62,9.0,20.0,892698767.600468,1
2024-06-17 12:00:00,19.62,9.0,20.0,892698767.600468,1
2024-06-17 18:00:00,19.62,9.0,20.0,892698767.600468,1
2024-06-18 00:00:00,19.62,9.0,20.0,892698767.600468,1
2024-06-18 06:00:00,19.62,9.0,20.0,892698767.600468,1
2024-06-18 12:00:00,19.62,9.0,20.0,892698767.600468,1
2024-06-18 18:00:00,19.62,9.0,20.0,892698767.600468,1
2024-06-19 00:00:00,19.62,9.0,20.0,892698767.600468,1
2024-06-19 06:00:00,19.62,9.0,20.0,892698767.600468,1
2024-06-19 12:00:00,19.62,9.0,20.0,892698767.600468,1
2024-06-19 18:00:00,19.62,9.0,20.0,892698767.600468,1
2024-06-20 00:00:00,19.62,9.0,20.0,892698767.600468,1
2024-06-20 06:00:00,19.62,9.0,20.0,892698767.600468,1
2024-06-20 12:00:00,19.62,9.0,20.0,892698767.600468,1
2024-06-20 18:00:00,19.62,9.0,20.0,892698767.600468,1
2024-06-21 00:00:00,19.62,9.0,20.0,892698767.600468,1
2024-06-21 06:00:00,19.62,9.0,20.0,892698767.600468,1
2024-06-21 12:00:00,19.62,9.0,20.0,892698767.600468,1
2024-06-21 18:00:00,19.62,9.0,20.0,892698767.600468,1
2024-06-22 00:00:00,19.62,9.0,20.0,892698767.600468,1
2024-06-22 06:00:00,19.62,9.0,20.0,892698767.600468,1
2024-06-22 12:00:00,19.62,9.0,20.0,892698767.600468,1
2024-06-22 18:00:00,19.62,9.0,20.0,892698767.600468,1
2024-06-23 00:00:00,19.62,9.0,20.0,892698767.600468,1
2024-06-23 06:00:00,19.62,9.0,20.0,892698767.600468,1
2024-06-23 12:00:00,19.62,9.0,20.0,892698767.600468,1
2024-06-23 18:00:00,19.62,9.0,20.0,892698767.600468,1
2024-06-24 00:00:00,19.62,9.0,20.0,892698767.600468,1
2024-06-24 06:00:00,19.62,9.0,20.0,892698767.600468,1
2024-06-24 12:00:00,19.62,9.0,20.0,892698767.600468,1
2024-06-24 18:00:00,19.62,9.0,20.0,892698767.600468,1
2024-06-25 00:00:00,19.62,9.0,20.0,892698767.600468,1
2024-06-25 06:00:00,19.62,9.0,20.0,892698767.600468,1
2024-06-25 12:00:00,19.62,9.0,20.0,892698767.600468,1
2024-06-25 18:00:00,19.62,9.0,20.0,892698767.600468,1
2024-06-26 00:00:00,19.62,9.0,20.0,892698767.600468,1
2024-06-26 06:00:00,19.62,9.0,20.0,892698767.600468,1
2024-06-26 12:00:00,19.62,9.0,20.0,892698767.600468,1
2024-06-26 18:00:00,19.62,9.0,20.0,892698767.600468,1
2024-06-27 00:00:00,19.62,9.0,20.0,892698767.600468,1
2024-06-27 06:00:00,19.62,9.0,20.0,892698767.600468,1
2024-06-27 12:00:00,19.62,9.0,20.0,892698767.600468,1
2024-06-27 18:00:00,19.62,9.0,20.0,892698767.600468,1
2024-06-28 00:00:00,19.62,9.0,20.0,892698767.600468,1
2024-06-28 06:00:00,19.62,9.0,20.0,892698767.600468,1
2024-06-28 12:00:00,19.62,9.0,20.0,892698767.600468,1
2024-06-28 18:00:00,19.62,9.0,20.0,892698767.600468,1
2024-06-29 00:00:00,19.62,9.0,20.0,892698767.600468,1
2024-06-29 06:00:00,19.62,9.0,20.0,892698767.600468,1
2024-06-29 12:00:00,19.62,9.0,20.0,892698767.600468,1
2024-06-29 18:00:00,19.62,9.0,20.0,892698767.600468,1
2024-06-30 00:00:00,19.62,9.0,20.0,892698767.600468,1
2024-06-30 06:00:00,19.62,9.0,20.0,892698767.600468,1
2024-06-30 12:00:00,19.62,9.0,20.0,892698767.600468,1
2024-06-30 18:00:00,19.62,9.0,20.0,892698767.600468,1
2024-07-01 00:00:00,19.62,9.0,20.0,892698767.600468,1
2024-07-01 06:00:00,19.62,9.0,20.0,892698767.600468,1
2024-07-01 12:00:00,19.62,9.0,20.0,892698767.600468,1
2024-07-01 18:00:00,19.62,9.0,20.0,892698767.600468,1
2024-07-02 00:00:00,19.62,9.0,20.0,892698767.600468,1
2024-07-02 06:00:00,19.62,9.0,20.0,892698767.600468,1
2024-07-02 12:00:00,19.62,9.0,20.0,892698767.600468,1
2024-07-02 18:00:00,19.62,9.0,20.0,892698767.600468,1
2024-07-03 00:00:00,19.62,9.0,20.0,892698767.600468,1
2024-07-03 06:00:00,19.62,9.0,20.0,892698767.600468,1
2024-07-03 12:00:00,19.62,9.0,20.0,892698767.600468,1
2024-07-03 18:00:00,19.62,9.0,20.0,892698767.600468,1
2024-07-04 00:00:00,19.62,9.0,20.0,892698767.600468,1
2024-07-04 06:00:00,19.62,9.0,20.0,892698767.600468,1
2024-07-04 12:00:00,19.62,9.0,20.0,892698767.600468,1
2024-07-04 18:00:00,19.62,9.0,20.0,892698767.600468,1
2024-07-05 00:00:00,19.62,9.0,20.0,892698767.600468,1
2024-07-05 06:00:00,19.62,9.0,20.0,892698767.600468,1
2024-07-05 12:00:00,19.62,9.0,20.0,892698767.600468,1
2024-07-05 18:00:00,19.62,9.0,20.0,892698767.600468,1
2024-07-06 00:00:00,19.62,9.0,20.0,892698767.600468,1
2024-07-06 06:00:00,19.62,9.0,20.0,892698767.600468,1
2024-07-06 12:00:00,19.62,9.0,20.0,892698767.600468,1
2024-07-06 18:00:00,19.62,9.0,20.0,892698767.600468,1
2024-07-07 00:00:00,19.62,9.0,20.0,892698767.600468,1
2024-07-07 06:00:00,19.62,9.0,20.0,892698767.600468,1
2024-07-07 12:00:00,19.62,9.0,20.0,892698767.600468,1
2024-07-07 18:00:00,19.62,9.0,20.0,892698767.600468,1
2024-07-08 00:00:00,19.62,9.0,20.0,892698767.600468,1
2024-07-08 06:00:00,19.62,9.0,20.0,892698767.600468,1
2024-07-08 12:00:00,19.62,9.0,20.0,892698767.600468,1
2024-07-08 18:00:00,19.62,9.0,20.0,892698767.600468,1
2024-07-09 00:00:00,19.62,9.0,20.0,892698767.600468,1
2024-07-09 06:00:00,19.62,9.0,20.0,892698767.600468,1
2024-07-09 12:00:00,48.26,8.0,20.0,895745420.0,0
2024-07-09 18:00:00,20.99,9.0,20.0,893699269.0,0
2024-07-10 00:00:00,20.74,8.0,20.0,898046628.0,0
2024-07-10 06:00:00,19.93,9.0,20.0,896849788.0,0
2024-07-10 12:00:00,17.37,9.0,20.0,881374237.0,0
2024-07-10 18:00:00,18.57,7.0,200.0,703366686.5,0
2024-07-11 00:00:00,19.62,9.0,20.0,892698767.600468,1
2024-07-11 06:00:00,20.59,9.0,20.0,868352084.0,0
2024-07-11 12:00:00,19.62,9.0,20.0,892698767.600468,1
2024-07-11 18:00:00,18.59,9.0,20.0,898775923.0,0
2024-07-12 00:00:00,19.62,9.0,20.0,892698767.600468,1
2024-07-12 06:00:00,19.62,9.0,20.0,892698767.600468,1
2024-07-12 12:00:00,19.62,9.0,20.0,892698767.600468,1
2024-07-12 18:00:00,40.49,10.0,10.0,890729087.0,0
2024-07-13 00:00:00,19.62,9.0,20.0,892698767.600468,1
2024-07-13 06:00:00,19.62,9.0,20.0,892698767.600468,1
2024-07-13 12:00:00,19.2,9.0,20.0,906520087.0,0
2024-07-13 18:00:00,19.62,9.0,20.0,892698767.600468,1
2024-07-14 00:00:00,19.62,9.0,20.0,892698767.600468,1
2024-07-14 06:00:00,19.62,9.0,20.0,892698767.600468,1
2024-07-14 12:00:00,19.62,9.0,20.0,892698767.600468,1
2024-07-14 18:00:00,19.62,9.0,20.0,892698767.600468,1
2024-07-15 00:00:00,19.62,9.0,20.0,892698767.600468,1
2024-07-15 06:00:00,19.62,9.0,20.0,892698767.600468,1
2024-07-15 12:00:00,19.62,9.0,20.0,892698767.600468,1
2024-07-15 18:00:00,19.62,9.0,20.0,892698767.600468,1
2024-07-16 00:00:00,19.62,9.0,20.0,892698767.600468,1
2024-07-16 06:00:00,19.62,9.0,20.0,892698767.600468,1
2024-07-16 12:00:00,19.62,9.0,20.0,892698767.600468,1
2024-07-16 18:00:00,19.62,9.0,20.0,892698767.600468,1
2024-07-17 00:00:00,19.62,9.0,20.0,892698767.600468,1
2024-07-17 06:00:00,19.62,9.0,20.0,892698767.600468,1
2024-07-17 12:00:00,19.62,9.0,20.0,892698767.600468,1
2024-07-17 18:00:00,19.62,9.0,20.0,892698767.600468,1
2024-07-18 00:00:00,19.62,9.0,20.0,892698767.600468,1
2024-07-18 06:00:00,19.62,9.0,20.0,892698767.600468,1
2024-07-18 12:00:00,19.62,9.0,20.0,892698767.600468,1
2024-07-18 18:00:00,19.62,9.0,20.0,892698767.600468,1
2024-07-19 00:00:00,19.62,9.0,20.0,892698767.600468,1
2024-07-19 06:00:00,19.62,9.0,20.0,892698767.600468,1
2024-07-19 12:00:00,19.62,9.0,20.0,892698767.600468,1
2024-07-19 18:00:00,19.62,9.0,20.0,892698767.600468,1
2024-07-20 00:00:00,19.62,9.0,20.0,892698767.600468,1
2024-07-20 06:00:00,19.62,9.0,20.0,892698767.600468,1
2024-07-20 12:00:00,19.62,9.0,20.0,892698767.600468,1
2024-07-20 18:00:00,19.62,9.0,20.0,892698767.600468,1
2024-07-21 00:00:00,19.62,9.0,20.0,892698767.600468,1
2024-07-21 06:00:00,19.62,9.0,20.0,892698767.600468,1
2024-07-21 12:00:00,19.62,7.0,100.0,892445687.5,0
2024-07-21 18:00:00,19.62,9.0,10.0,903506007.0,0
2024-07-22 00:00:00,19.62,9.0,10.0,915900211.0,0
2024-07-22 06:00:00,19.62,9.0,10.0,896008953.0,0
2024-07-22 12:00:00,19.62,9.0,20.0,892698767.600468,1
2024-07-22 18:00:00,19.62,9.0,10.0,905498529.0,0
2024-07-23 00:00:00,19.62,10.0,100.0,919183973.0,0
2024-07-23 06:00:00,19.62,10.0,100.0,898106466.0,0
2024-07-23 12:00:00,19.62,8.0,20.0,899941251.0,0
2024-07-23 18:00:00,19.62,10.0,100.0,896585581.0,0
2024-07-24 00:00:00,19.62,10.0,100.0,904292846.0,0
2024-07-24 06:00:00,19.62,10.0,100.0,911476475.5,0
2024-07-24 12:00:00,19.62,10.0,100.0,909510814.5,0
2024-07-24 18:00:00,19.62,10.0,100.0,920495893.0,0
2024-07-25 00:00:00,19.62,10.0,100.0,909903916.0,0
2024-07-25 06:00:00,19.62,10.0,100.0,905708153.0,0
2024-07-25 12:00:00,19.62,10.0,100.0,917111624.0,0
2024-07-25 18:00:00,19.62,10.0,100.0,912184745.0,0
2024-07-26 00:00:00,19.62,9.0,20.0,892698767.600468,1
2024-07-26 06:00:00,19.62,9.0,20.0,892698767.600468,1
2024-07-26 12:00:00,19.62,10.0,100.0,907151071.5,0
2024-07-26 18:00:00,19.62,10.0,100.0,910374721.0,0
2024-07-27 00:00:00,19.62,9.0,20.0,892698767.600468,1
2024-07-27 06:00:00,19.62,10.0,100.0,922594298.0,0
2024-07-27 12:00:00,19.62,10.0,100.0,911030546.5,0
2024-07-27 18:00:00,19.62,10.0,100.0,898528054.0,0
2024-07-28 00:00:00,19.62,9.0,20.0,892698767.600468,1
2024-07-28 06:00:00,19.62,10.0,100.0,915987078.5,0
2024-07-28 12:00:00,19.62,10.0,100.0,912922140.5,0
2024-07-28 18:00:00,19.62,9.0,20.0,892698767.600468,1
2024-07-29 00:00:00,19.62,9.0,20.0,892698767.600468,1
2024-07-29 06:00:00,19.62,10.0,100.0,900360997.0,0
2024-07-29 12:00:00,19.62,10.0,100.0,897752372.0,0
2024-07-29 18:00:00,19.62,9.0,20.0,892698767.600468,1
2024-07-30 00:00:00,19.62,10.0,100.0,909797421.0,0
2024-07-30 06:00:00,19.62,10.0,100.0,921802055.0,0
2024-07-30 12:00:00,19.62,9.0,10.0,898422701.0,0
2024-07-30 18:00:00,19.62,9.0,10.0,911896352.0,0
2024-07-31 00:00:00,19.62,9.0,20.0,892698767.600468,1
2024-07-31 06:00:00,19.62,10.0,100.0,903769145.0,0
2024-07-31 12:00:00,19.62,10.0,100.0,897582671.0,0
2024-07-31 18:00:00,19.62,10.0,100.0,915251941.0,0
2024-08-01 00:00:00,19.62,10.0,100.0,908390926.0,0
2024-08-01 06:00:00,19.62,10.0,100.0,902833867.0,0
2024-08-01 12:00:00,19.62,10.0,100.0,903247972.0,0
2024-08-01 18:00:00,19.62,10.0,100.0,895968200.0,0
2024-08-02 00:00:00,19.62,9.0,20.0,892698767.600468,1
2024-08-02 06:00:00,19.62,10.0,100.0,897715561.0,0
2024-08-02 12:00:00,19.62,10.0,100.0,890757659.0,0
2024-08-02 18:00:00,19.62,9.0,20.0,892698767.600468,1
2024-08-03 00:00:00,19.62,10.0,100.0,918606061.0,0
2024-08-03 06:00:00,19.62,9.0,20.0,892698767.600468,1
2024-08-03 12:00:00,19.62,9.0,10.0,892947855.0,0
2024-08-03 18:00:00,19.62,9.0,10.0,896456436.0,0
2024-08-04 00:00:00,19.62,9.0,10.0,921071184.0,0
2024-08-04 06:00:00,19.62,9.0,20.0,892698767.600468,1
2024-08-04 12:00:00,19.62,9.0,10.0,894176850.0,0
2024-08-04 18:00:00,19.62,9.0,20.0,892698767.600468,1
2024-08-05 00:00:00,19.62,9.0,10.0,909431601.0,0
2024-08-05 06:00:00,19.62,9.0,20.0,892698767.600468,1
2024-08-05 12:00:00,19.62,9.0,20.0,892698767.600468,1
2024-08-05 18:00:00,19.62,9.0,10.0,905763182.0,0
2024-08-06 00:00:00,19.62,9.0,10.0,911244945.0,0
2024-08-06 06:00:00,19.62,9.0,20.0,892698767.600468,1
2024-08-06 12:00:00,19.62,9.0,10.0,899993410.0,0
2024-08-06 18:00:00,19.62,9.0,10.0,898369509.0,0
2024-08-07 00:00:00,19.62,9.0,10.0,902142632.0,0
2024-08-07 06:00:00,19.62,9.0,10.0,901723246.0,0
2024-08-07 12:00:00,19.62,9.0,20.0,892698767.600468,1
2024-08-07 18:00:00,19.62,13.0,100.0,899942196.0,0
2024-08-08 00:00:00,19.62,9.0,20.0,892698767.600468,1
2024-08-08 06:00:00,19.62,9.0,20.0,892698767.600468,1
2024-08-08 12:00:00,19.62,9.0,10.0,899788644.0,0
2024-08-08 18:00:00,19.62,9.0,20.0,892698767.600468,1
2024-08-09 00:00:00,19.62,9.0,20.0,892698767.600468,1
2024-08-09 06:00:00,19.62,10.0,100.0,901965300.0,0
2024-08-09 12:00:00,19.62,9.0,20.0,892698767.600468,1
2024-08-09 18:00:00,19.62,10.0,100.0,913209318.0,0
2024-08-10 00:00:00,19.62,9.0,20.0,892698767.600468,1
2024-08-10 06:00:00,19.62,9.0,20.0,892698767.600468,1
2024-08-10 12:00:00,19.62,9.0,20.0,892698767.600468,1
2024-08-10 18:00:00,19.62,9.0,10.0,902408385.0,0
2024-08-11 00:00:00,19.62,9.0,20.0,892698767.600468,1
2024-08-11 06:00:00,19.62,10.0,100.0,910323530.0,0
2024-08-11 12:00:00,19.62,10.0,100.0,904761268.0,0
2024-08-11 18:00:00,19.62,9.0,20.0,892698767.600468,1
2024-08-12 00:00:00,19.62,10.0,100.0,923274122.0,0
2024-08-12 06:00:00,19.62,9.0,20.0,892698767.600468,1
2024-08-12 12:00:00,19.62,10.0,100.0,899156122.0,0
2024-08-12 18:00:00,19.62,10.0,100.0,923382258.0,0
2024-08-13 00:00:00,19.62,9.0,20.0,892698767.600468,1
2024-08-13 06:00:00,19.62,9.0,20.0,892698767.600468,1
2024-08-13 12:00:00,19.62,9.0,20.0,892698767.600468,1
2024-08-13 18:00:00,19.62,9.0,20.0,892698767.600468,1
2024-08-14 00:00:00,19.62,9.0,20.0,892698767.600468,1
2024-08-14 06:00:00,19.62,10.0,100.0,922431892.0,0
2024-08-14 12:00:00,19.62,9.0,20.0,892698767.600468,1
2024-08-14 18:00:00,19.62,9.0,20.0,892698767.600468,1
2024-08-15 00:00:00,19.62,9.0,20.0,892698767.600468,1
2024-08-15 06:00:00,19.62,9.0,20.0,892698767.600468,1
2024-08-15 12:00:00,19.62,9.0,20.0,892698767.600468,1
2024-08-15 18:00:00,19.62,9.0,20.0,892698767.600468,1
2024-08-16 00:00:00,19.62,9.0,20.0,892698767.600468,1
2024-08-16 06:00:00,19.62,9.0,20.0,892698767.600468,1
2024-08-16 12:00:00,19.62,9.0,20.0,892698767.600468,1
2024-08-16 18:00:00,19.62,9.0,20.0,892698767.600468,1
2024-08-17 00:00:00,19.62,9.0,20.0,892698767.600468,1
2024-08-17 06:00:00,19.62,9.0,20.0,892698767.600468,1
2024-08-17 12:00:00,19.62,9.0,20.0,892698767.600468,1
2024-08-17 18:00:00,19.62,9.0,20.0,892698767.600468,1
2024-08-18 00:00:00,19.62,9.0,20.0,892698767.600468,1
2024-08-18 06:00:00,19.62,9.0,20.0,892698767.600468,1
2024-08-18 12:00:00,19.62,9.0,20.0,892698767.600468,1
2024-08-18 18:00:00,19.62,9.0,20.0,892698767.600468,1
2024-08-19 00:00:00,19.62,9.0,20.0,892698767.600468,1
2024-08-19 06:00:00,19.62,9.0,20.0,892698767.600468,1
2024-08-19 12:00:00,19.62,10.0,100.0,910952358.0,0
2024-08-19 18:00:00,19.62,9.0,20.0,892698767.600468,1
2024-08-20 00:00:00,19.62,9.0,20.0,892698767.600468,1
2024-08-20 06:00:00,19.62,9.0,20.0,892698767.600468,1
2024-08-20 12:00:00,19.62,9.0,20.0,892698767.600468,1
2024-08-20 18:00:00,19.62,9.0,20.0,892698767.600468,1
2024-08-21 00:00:00,19.62,9.0,20.0,892698767.600468,1
2024-08-21 06:00:00,19.62,9.0,20.0,934960452.0,0
2024-08-21 12:00:00,19.62,10.0,100.0,918028976.0,0
2024-08-21 18:00:00,19.62,9.0,20.0,892698767.600468,1
2024-08-22 00:00:00,19.62,9.0,10.0,916193280.0,0
2024-08-22 06:00:00,19.62,9.0,20.0,892698767.600468,1
2024-08-22 12:00:00,19.62,9.0,20.0,892698767.600468,1
2024-08-22 18:00:00,19.62,10.0,100.0,920178973.0,0
2024-08-23 00:00:00,19.62,9.0,20.0,892698767.600468,1
2024-08-23 06:00:00,19.62,9.0,20.0,892698767.600468,1
2024-08-23 12:00:00,19.62,10.0,100.0,905396077.0,0
2024-08-23 18:00:00,19.62,10.0,100.0,907178746.0,0
2024-08-24 00:00:00,19.62,10.0,100.0,905813283.5,0
2024-08-24 06:00:00,19.62,9.0,20.0,892698767.600468,1
2024-08-24 12:00:00,19.62,10.0,100.0,890449269.0,0
2024-08-24 18:00:00,19.62,10.0,100.0,916247861.0,0
2024-08-25 00:00:00,19.62,10.0,100.0,916404232.0,0
2024-08-25 06:00:00,19.62,10.0,100.0,914149288.0,0
2024-08-25 12:00:00,19.62,10.0,100.0,916526091.0,0
2024-08-25 18:00:00,19.62,10.0,100.0,902590016.5,0
2024-08-26 00:00:00,19.62,9.0,20.0,892698767.600468,1
2024-08-26 06:00:00,19.62,10.0,100.0,920913713.0,0
2024-08-26 12:00:00,19.62,9.0,20.0,892698767.600468,1
2024-08-26 18:00:00,19.62,10.0,100.0,898684037.0,0
2024-08-27 00:00:00,19.62,10.0,100.0,914623114.0,0
2024-08-27 06:00:00,19.62,9.0,20.0,892698767.600468,1
2024-08-27 12:00:00,19.62,9.0,20.0,892698767.600468,1
2024-08-27 18:00:00,19.62,9.0,20.0,894699708.0,0
2024-08-28 00:00:00,19.62,9.0,20.0,892698767.600468,1
2024-08-28 06:00:00,19.62,9.0,20.0,898971630.5,0
2024-08-28 12:00:00,19.62,9.0,20.0,892698767.600468,1
2024-08-28 18:00:00,19.62,9.0,20.0,892698767.600468,1
2024-08-29 00:00:00,19.62,8.0,20.0,903240972.0,0
2024-08-29 06:00:00,19.62,8.0,20.0,899577443.0,0
2024-08-29 12:00:00,19.62,9.0,20.0,892698767.600468,1
2024-08-29 18:00:00,19.62,9.0,20.0,892698767.600468,1
2024-08-30 00:00:00,19.62,9.0,20.0,892698767.600468,1
2024-08-30 06:00:00,19.62,9.0,20.0,892698767.600468,1
2024-08-30 12:00:00,19.62,9.0,20.0,892698767.600468,1
2024-08-30 18:00:00,19.62,9.0,20.0,892698767.600468,1
2024-08-31 00:00:00,19.62,9.0,20.0,892698767.600468,1
2024-08-31 06:00:00,19.62,9.0,20.0,892698767.600468,1
2024-08-31 12:00:00,19.62,9.0,20.0,892698767.600468,1
2024-08-31 18:00:00,19.62,9.0,20.0,892698767.600468,1
2024-09-01 00:00:00,19.62,9.0,20.0,892698767.600468,1
2024-09-01 06:00:00,19.62,9.0,20.0,892698767.600468,1
2024-09-01 12:00:00,19.62,9.0,20.0,892698767.600468,1
2024-09-01 18:00:00,19.62,9.0,20.0,892698767.600468,1
2024-09-02 00:00:00,19.62,9.0,20.0,892698767.600468,1
2024-09-02 06:00:00,19.62,9.0,20.0,892698767.600468,1
2024-09-02 12:00:00,19.62,9.0,20.0,892698767.600468,1
2024-09-02 18:00:00,19.62,9.0,20.0,892698767.600468,1
2024-09-03 00:00:00,19.62,8.0,20.0,897901420.0,0
2024-09-03 06:00:00,19.62,8.0,20.0,892339469.0,0
2024-09-03 12:00:00,19.62,9.0,10.0,899314668.0,0
2024-09-03 18:00:00,19.62,8.0,20.0,890618041.5,0
2024-09-04 00:00:00,19.62,8.0,20.0,910585471.0,0
2024-09-04 06:00:00,19.62,9.0,20.0,892698767.600468,1
2024-09-04 12:00:00,19.62,8.0,20.0,892969330.0,0
2024-09-04 18:00:00,19.62,9.0,20.0,892698767.600468,1
2024-09-05 00:00:00,19.62,8.0,20.0,893741254.0,0
2024-09-05 06:00:00,19.62,9.0,20.0,892698767.600468,1
2024-09-05 12:00:00,19.62,8.0,20.0,824914623.0,0
2024-09-05 18:00:00,19.62,9.0,20.0,892698767.600468,1
2024-09-06 00:00:00,19.62,8.0,20.0,903823194.5,0
2024-09-06 06:00:00,19.62,9.0,20.0,892698767.600468,1
2024-09-06 12:00:00,19.62,9.0,20.0,895372559.0,0
2024-09-06 18:00:00,19.62,8.0,20.0,908016067.0,0
2024-09-07 00:00:00,19.62,9.0,20.0,892698767.600468,1
2024-09-07 06:00:00,19.62,9.0,20.0,892698767.600468,1
2024-09-07 12:00:00,19.62,8.0,20.0,897530377.0,0
2024-09-07 18:00:00,19.62,9.0,20.0,892698767.600468,1
2024-09-08 00:00:00,19.62,8.0,20.0,892556861.0,0
2024-09-08 06:00:00,19.62,9.0,20.0,892698767.600468,1
2024-09-08 12:00:00,19.62,8.0,20.0,901446784.0,0
2024-09-08 18:00:00,19.62,8.0,20.0,910530741.0,0
2024-09-09 00:00:00,19.62,8.0,20.0,909822465.0,0
2024-09-09 06:00:00,19.62,8.0,20.0,895189533.0,0
2024-09-09 12:00:00,19.62,9.0,20.0,894845873.0,0
2024-09-09 18:00:00,19.62,9.0,20.0,892698767.600468,1
2024-09-10 00:00:00,19.62,8.0,20.0,897160504.0,0
2024-09-10 06:00:00,19.62,9.0,20.0,904399015.0,0
2024-09-10 12:00:00,19.62,9.0,20.0,677276186.0,0
2024-09-10 18:00:00,19.62,9.0,20.0,895670114.5,0
2024-09-11 00:00:00,19.62,8.0,20.0,916718713.0,0
2024-09-11 06:00:00,19.62,9.0,20.0,892698767.600468,1
2024-09-11 12:00:00,19.62,9.0,20.0,892698767.600468,1
2024-09-11 18:00:00,19.62,9.0,20.0,904563140.5,0
2024-09-12 00:00:00,19.62,9.0,20.0,901461868.0,0
2024-09-12 06:00:00,19.62,9.0,20.0,892698767.600468,1
2024-09-12 12:00:00,19.62,13.0,20.0,899708176.0,0
2024-09-12 18:00:00,19.62,9.0,20.0,899994985.0,0
2024-09-13 00:00:00,19.62,8.0,20.0,883483142.0,0
2024-09-13 06:00:00,19.62,9.0,20.0,899782255.0,0
2024-09-13 12:00:00,19.62,8.0,20.0,906338614.0,0
2024-09-13 18:00:00,19.62,8.0,20.0,900439889.0,0
2024-09-14 00:00:00,19.62,8.0,20.0,894962300.0,0
2024-09-14 06:00:00,19.62,8.0,20.0,924902842.0,0
2024-09-14 12:00:00,19.62,9.0,20.0,892698767.600468,1
2024-09-14 18:00:00,19.62,8.0,20.0,898659586.0,0
2024-09-15 00:00:00,19.62,8.0,20.0,922702755.0,0
2024-09-15 06:00:00,19.62,9.0,20.0,899628702.0,0
2024-09-15 12:00:00,19.62,8.0,20.0,900694944.0,0
2024-09-15 18:00:00,19.62,8.0,20.0,899088163.0,0
2024-09-16 00:00:00,19.62,8.0,20.0,899017119.0,0
2024-09-16 06:00:00,19.62,9.0,20.0,892698767.600468,1
2024-09-16 12:00:00,19.62,9.0,20.0,899204055.0,0
2024-09-16 18:00:00,19.62,9.0,20.0,898468392.0,0
2024-09-17 00:00:00,19.62,9.0,20.0,901409890.0,0
2024-09-17 06:00:00,19.62,9.0,20.0,895694425.0,0
2024-09-17 12:00:00,19.62,8.0,20.0,896114214.0,0
2024-09-17 18:00:00,19.62,9.0,20.0,892698767.600468,1
2024-09-18 00:00:00,19.62,9.0,20.0,893179135.0,0
2024-09-18 06:00:00,19.62,8.0,20.0,903372828.0,0
2024-09-18 12:00:00,19.62,9.0,20.0,892698767.600468,1
2024-09-18 18:00:00,19.62,9.0,20.0,892698767.600468,1
2024-09-19 00:00:00,19.62,9.0,20.0,892698767.600468,1
2024-09-19 06:00:00,19.62,8.0,20.0,898317664.0,0
2024-09-19 12:00:00,19.62,8.0,20.0,892287264.0,0
2024-09-19 18:00:00,19.62,8.0,20.0,903796383.0,0
2024-09-20 00:00:00,19.62,9.0,20.0,892698767.600468,1
2024-09-20 06:00:00,19.62,9.0,20.0,922385043.0,0
2024-09-20 12:00:00,19.62,9.0,20.0,892698767.600468,1
2024-09-20 18:00:00,19.62,9.0,20.0,892698767.600468,1
2024-09-21 00:00:00,19.62,9.0,20.0,893129035.0,0
2024-09-21 06:00:00,19.62,8.0,20.0,907312865.0,0
2024-09-21 12:00:00,19.62,8.0,20.0,913572936.0,0
2024-09-21 18:00:00,19.62,9.0,20.0,892698767.600468,1
2024-09-22 00:00:00,19.62,8.0,20.0,897216162.0,0
2024-09-22 06:00:00,19.62,8.0,20.0,897739823.0,0
2024-09-22 12:00:00,19.62,8.0,20.0,894646822.5,0
2024-09-22 18:00:00,19.62,9.0,20.0,892698767.600468,1
2024-09-23 00:00:00,19.62,9.0,20.0,892698767.600468,1
2024-09-23 06:00:00,19.62,8.0,20.0,902668500.0,0
2024-09-23 12:00:00,19.62,9.0,20.0,892698767.600468,1
2024-09-23 18:00:00,19.62,8.0,20.0,895799641.0,0
2024-09-24 00:00:00,19.62,9.0,20.0,892698767.600468,1
2024-09-24 06:00:00,19.62,9.0,20.0,892698767.600468,1
2024-09-24 12:00:00,19.62,9.0,20.0,892698767.600468,1
2024-09-24 18:00:00,19.62,8.0,20.0,523188392.0,0
2024-09-25 00:00:00,19.62,8.0,20.0,908409667.0,0
2024-09-25 06:00:00,19.62,8.0,20.0,856718630.0,0
2024-09-25 12:00:00,19.62,9.0,20.0,899234608.0,0
2024-09-25 18:00:00,19.62,8.0,20.0,910796164.0,0
2024-09-26 00:00:00,19.62,8.0,20.0,896220192.0,0
2024-09-26 06:00:00,19.62,8.0,20.0,888462220.0,0
2024-09-26 12:00:00,19.62,9.0,20.0,726114406.0,0
2024-09-26 18:00:00,19.62,8.0,20.0,900364104.0,0
2024-09-27 00:00:00,19.62,8.0,20.0,897583983.0,0
2024-09-27 06:00:00,19.62,9.0,20.0,900099843.0,0
2024-09-27 12:00:00,19.62,9.0,20.0,892698767.600468,1
2024-09-27 18:00:00,19.62,9.0,20.0,892698767.600468,1
2024-09-28 00:00:00,19.62,8.0,20.0,899101041.0,0
2024-09-28 06:00:00,19.62,8.0,20.0,890858638.0,0
2024-09-28 12:00:00,19.62,8.0,20.0,899997910.0,0
2024-09-28 18:00:00,19.62,8.0,20.0,900964898.0,0
2024-09-29 00:00:00,19.62,8.0,20.0,899602273.0,0
2024-09-29 06:00:00,19.62,8.0,20.0,910270099.0,0
2024-09-29 12:00:00,19.62,8.0,20.0,899788465.5,0
2024-09-29 18:00:00,19.62,8.0,20.0,888512428.0,0
2024-09-30 00:00:00,19.62,9.0,20.0,892698767.600468,1
2024-09-30 06:00:00,19.62,8.0,20.0,898326009.5,0
2024-09-30 12:00:00,19.62,8.0,20.0,897128995.0,0
2024-09-30 18:00:00,19.62,9.0,20.0,892698767.600468,1
2024-10-01 00:00:00,19.62,9.0,20.0,892698767.600468,1
2024-10-01 06:00:00,19.62,9.0,20.0,892698767.600468,1
2024-10-01 12:00:00,19.62,11.0,100.0,816733559.0,0
2024-10-01 18:00:00,19.62,9.0,20.0,879022647.0,0
2024-10-02 00:00:00,19.62,9.0,10.0,877816144.0,0
2024-10-02 06:00:00,19.62,9.0,20.0,892698767.600468,1
2024-10-02 12:00:00,19.62,9.0,20.0,894762607.5,0
2024-10-02 18:00:00,19.62,9.0,10.0,895690932.0,0
2024-10-03 00:00:00,19.62,9.0,20.0,892183878.0,0
2024-10-03 06:00:00,19.62,9.0,20.0,894772458.0,0
2024-10-03 12:00:00,19.62,9.0,20.0,621545444.0,0
2024-10-03 18:00:00,19.62,9.0,20.0,907909711.0,0
2024-10-04 00:00:00,19.62,9.0,20.0,892698767.600468,1
2024-10-04 06:00:00,19.62,8.0,20.0,898512838.0,0
2024-10-04 12:00:00,19.62,9.0,20.0,892698767.600468,1
2024-10-04 18:00:00,19.62,10.0,10.0,889874426.0,0
2024-10-05 00:00:00,19.62,8.0,20.0,897321065.0,0
2024-10-05 06:00:00,19.62,9.0,20.0,892698767.600468,1
2024-10-05 12:00:00,19.62,8.0,20.0,894746779.0,0
2024-10-05 18:00:00,19.62,8.0,20.0,900596695.0,0
2024-10-06 00:00:00,19.62,9.0,20.0,892698767.600468,1
2024-10-06 06:00:00,19.62,9.0,10.0,891148205.0,0
2024-10-06 12:00:00,19.62,8.0,20.0,899259227.0,0
2024-10-06 18:00:00,19.62,8.0,20.0,898394688.5,0
2024-10-07 00:00:00,19.62,8.0,20.0,899308283.0,0
2024-10-07 06:00:00,19.62,8.0,20.0,889768141.0,0
2024-10-07 12:00:00,19.62,8.0,20.0,846253980.0,0
2024-10-07 18:00:00,19.62,8.0,20.0,898022741.0,0
2024-10-08 00:00:00,19.62,8.0,20.0,899572315.0,0
2024-10-08 06:00:00,19.62,9.0,20.0,892698767.600468,1
2024-10-08 12:00:00,19.62,8.0,20.0,902039488.0,0
2024-10-08 18:00:00,19.62,12.0,20.0,913734791.0,0
2024-10-09 00:00:00,19.62,8.0,20.0,869956733.0,0
2024-10-09 06:00:00,19.62,8.0,20.0,898474097.0,0
2024-10-09 12:00:00,19.62,9.0,20.0,892698767.600468,1
2024-10-09 18:00:00,19.62,8.0,20.0,902511123.0,0
2024-10-10 00:00:00,19.62,8.0,20.0,898223740.0,0
2024-10-10 06:00:00,19.62,9.0,20.0,892698767.600468,1
2024-10-10 12:00:00,19.62,9.0,20.0,899653923.0,0
2024-10-10 18:00:00,19.62,9.0,20.0,892698767.600468,1
2024-10-11 00:00:00,19.62,9.0,20.0,892698767.600468,1
2024-10-11 06:00:00,19.62,9.0,20.0,897791803.0,0
2024-10-11 12:00:00,19.62,9.0,20.0,892698767.600468,1
2024-10-11 18:00:00,19.62,9.0,20.0,892698767.600468,1
2024-10-12 00:00:00,19.62,9.0,20.0,892698767.600468,1
2024-10-12 06:00:00,19.62,8.0,20.0,858208271.0,0
2024-10-12 12:00:00,19.62,9.0,20.0,892698767.600468,1
2024-10-12 18:00:00,19.62,8.0,20.0,900857777.0,0
2024-10-13 00:00:00,19.62,8.0,20.0,899521146.0,0
2024-10-13 06:00:00,19.62,9.0,20.0,892698767.600468,1
2024-10-13 12:00:00,19.62,8.0,20.0,903245624.0,0
2024-10-13 18:00:00,19.62,8.0,20.0,900413921.0,0
2024-10-14 00:00:00,19.62,9.0,20.0,892698767.600468,1
2024-10-14 06:00:00,19.62,8.0,20.0,902616296.0,0
2024-10-14 12:00:00,19.62,8.0,20.0,899575554.0,0
2024-10-14 18:00:00,19.62,9.0,20.0,892698767.600468,1
2024-10-15 00:00:00,19.62,9.0,20.0,892698767.600468,1
2024-10-15 06:00:00,19.62,9.0,20.0,907021323.0,0
2024-10-15 12:00:00,19.62,9.0,20.0,892698767.600468,1
2024-10-15 18:00:00,19.62,8.0,20.0,904007018.5,0
2024-10-16 00:00:00,19.62,9.0,20.0,892698767.600468,1
2024-10-16 06:00:00,19.62,8.0,20.0,908280643.0,0
2024-10-16 12:00:00,19.62,8.0,20.0,901304627.0,0
2024-10-16 18:00:00,19.62,8.0,20.0,898755479.0,0
2024-10-17 00:00:00,19.62,8.0,20.0,899047299.0,0
2024-10-17 06:00:00,19.62,9.0,20.0,892698767.600468,1
2024-10-17 12:00:00,19.62,9.0,20.0,892698767.600468,1
2024-10-17 18:00:00,19.62,8.0,20.0,905211369.0,0
2024-10-18 00:00:00,19.62,9.0,20.0,892698767.600468,1
2024-10-18 06:00:00,19.62,9.0,20.0,892698767.600468,1
2024-10-18 12:00:00,19.62,9.0,20.0,892698767.600468,1
2024-10-18 18:00:00,19.62,8.0,20.0,902407122.0,0
2024-10-19 00:00:00,19.62,9.0,20.0,892698767.600468,1
2024-10-19 06:00:00,19.62,8.0,20.0,892132341.0,0
2024-10-19 12:00:00,19.62,9.0,20.0,892698767.600468,1
2024-10-19 18:00:00,19.62,9.0,10.0,907496179.0,0
2024-10-20 00:00:00,19.62,9.0,10.0,899149947.0,0
2024-10-20 06:00:00,19.62,9.0,20.0,892698767.600468,1
2024-10-20 12:00:00,19.62,9.0,10.0,885900180.0,0
2024-10-20 18:00:00,19.62,9.0,20.0,892698767.600468,1
2024-10-21 00:00:00,19.62,9.0,20.0,892698767.600468,1
2024-10-21 06:00:00,19.62,9.0,20.0,892698767.600468,1
2024-10-21 12:00:00,19.62,9.0,20.0,903927742.0,0
2024-10-21 18:00:00,19.62,9.0,20.0,897896122.0,0
2024-10-22 00:00:00,19.62,9.0,20.0,892698767.600468,1
2024-10-22 06:00:00,19.62,9.0,20.0,892698767.600468,1
2024-10-22 12:00:00,19.62,9.0,20.0,905343551.0,0
2024-10-22 18:00:00,19.62,9.0,10.0,903226819.0,0
2024-10-23 00:00:00,19.62,9.0,20.0,892698767.600468,1
2024-10-23 06:00:00,19.62,9.0,20.0,892698767.600468,1
2024-10-23 12:00:00,19.62,8.0,20.0,900674715.0,0
2024-10-23 18:00:00,19.62,9.0,20.0,892698767.600468,1
2024-10-24 00:00:00,19.62,9.0,20.0,892698767.600468,1
2024-10-24 06:00:00,19.62,9.0,20.0,892698767.600468,1
2024-10-24 12:00:00,19.62,8.0,20.0,900808038.0,0
2024-10-24 18:00:00,19.62,9.0,20.0,892698767.600468,1
2024-10-25 00:00:00,19.62,9.0,20.0,892698767.600468,1
2024-10-25 06:00:00,19.62,9.0,20.0,892698767.600468,1
2024-10-25 12:00:00,19.62,8.0,20.0,911719287.0,0
2024-10-25 18:00:00,19.62,9.0,20.0,892698767.600468,1
2024-10-26 00:00:00,19.62,9.0,20.0,892698767.600468,1
2024-10-26 06:00:00,19.62,9.0,20.0,892698767.600468,1
2024-10-26 12:00:00,19.62,9.0,20.0,892698767.600468,1
2024-10-26 18:00:00,19.62,9.0,20.0,892698767.600468,1
2024-10-27 00:00:00,19.62,9.0,20.0,899153245.0,0
2024-10-27 06:00:00,19.62,9.0,20.0,892698767.600468,1
2024-10-27 12:00:00,19.62,9.0,20.0,898578865.0,0
2024-10-27 18:00:00,19.62,9.0,20.0,892698767.600468,1
2024-10-28 00:00:00,19.62,9.0,20.0,886013608.0,0
2024-10-28 06:00:00,19.62,9.0,20.0,892698767.600468,1
2024-10-28 12:00:00,19.62,9.0,20.0,901349034.0,0
2024-10-28 18:00:00,19.62,9.0,20.0,892698767.600468,1
2024-10-29 00:00:00,19.62,9.0,20.0,895799059.0,0
2024-10-29 06:00:00,19.62,9.0,20.0,881183873.0,0
2024-10-29 12:00:00,19.62,9.0,20.0,908837388.0,0
2024-10-29 18:00:00,19.62,9.0,20.0,892698767.600468,1
2024-10-30 00:00:00,19.62,9.0,20.0,896801113.0,0
2024-10-30 06:00:00,19.62,9.0,20.0,882015140.0,0
2024-10-30 12:00:00,19.62,9.0,20.0,892698767.600468,1
2024-10-30 18:00:00,19.62,9.0,20.0,892698767.600468,1
2024-10-31 00:00:00,19.62,9.0,20.0,891675505.0,0
2024-10-31 06:00:00,19.62,9.0,20.0,892698767.600468,1
2024-10-31 12:00:00,19.62,9.0,20.0,892698767.600468,1
2024-10-31 18:00:00,19.62,9.0,20.0,892698767.600468,1
2024-11-01 00:00:00,19.62,8.0,20.0,909274951.0,0
2024-11-01 06:00:00,19.62,9.0,20.0,892698767.600468,1
2024-11-01 12:00:00,19.62,9.0,20.0,892698767.600468,1
2024-11-01 18:00:00,19.62,9.0,10.0,901830133.0,0
2024-11-02 00:00:00,19.62,9.0,20.0,885101089.0,0
2024-11-02 06:00:00,19.62,9.0,20.0,892698767.600468,1
2024-11-02 12:00:00,19.62,9.0,10.0,891711259.0,0
2024-11-02 18:00:00,19.62,8.0,20.0,904097563.0,0
2024-11-03 00:00:00,19.62,9.0,20.0,897984560.0,0
2024-11-03 06:00:00,19.62,9.0,20.0,892698767.600468,1
2024-11-03 12:00:00,19.62,9.0,20.0,900884926.0,0
2024-11-03 18:00:00,19.62,9.0,20.0,900020546.0,0
2024-11-04 00:00:00,19.62,8.0,20.0,898663772.0,0
2024-11-04 06:00:00,19.62,9.0,20.0,898474142.0,0
2024-11-04 12:00:00,19.62,8.0,20.0,911948507.0,0
2024-11-04 18:00:00,19.62,8.0,20.0,901066450.0,0
2024-11-05 00:00:00,19.62,8.0,20.0,901988234.0,0
2024-11-05 06:00:00,19.62,8.0,20.0,896427980.0,0
2024-11-05 12:00:00,19.62,9.0,20.0,898841863.0,0
2024-11-05 18:00:00,19.62,9.0,20.0,900465248.5,0
2024-11-06 00:00:00,19.62,9.0,20.0,900106016.0,0
2024-11-06 06:00:00,19.62,8.0,20.0,895432325.0,0
2024-11-06 12:00:00,19.62,8.0,20.0,907384362.0,0
2024-11-06 18:00:00,19.62,9.0,20.0,888197943.0,0
2024-11-07 00:00:00,19.62,9.0,20.0,908253976.0,0
2024-11-07 06:00:00,19.62,9.0,20.0,892698767.600468,1
2024-11-07 12:00:00,19.62,9.0,20.0,892698767.600468,1
2024-11-07 18:00:00,19.62,10.0,100.0,913522243.0,0
2024-11-08 00:00:00,19.62,9.0,20.0,892698767.600468,1
2024-11-08 06:00:00,19.62,10.0,100.0,909064963.0,0
2024-11-08 12:00:00,19.62,9.0,20.0,902040157.33,0
2024-11-08 18:00:00,19.62,9.0,20.0,908698278.0,0
2024-11-09 00:00:00,19.62,9.0,20.0,926160633.0,0
2024-11-09 06:00:00,19.62,9.0,20.0,905287093.0,0
2024-11-09 12:00:00,19.62,9.0,20.0,920391219.0,0
2024-11-09 18:00:00,19.62,9.0,20.0,925488711.0,0
2024-11-10 00:00:00,19.62,9.0,20.0,901152003.0,0
2024-11-10 06:00:00,19.62,9.0,20.0,907899860.0,0
2024-11-10 12:00:00,19.62,7.0,200.0,804992278.0,0
2024-11-10 18:00:00,19.62,9.0,20.0,925471696.0,0
2024-11-11 00:00:00,19.62,11.0,10.0,901783476.0,0
2024-11-11 06:00:00,19.62,9.0,20.0,870843868.5,0
2024-11-11 12:00:00,19.62,7.0,200.0,915045565.0,0
2024-11-11 18:00:00,19.62,9.0,20.0,898185337.5,0
2024-11-12 00:00:00,19.62,9.0,20.0,894541658.5,0
2024-11-12 06:00:00,19.62,9.0,20.0,892698767.600468,1
2024-11-12 12:00:00,19.62,9.0,10.0,900823354.0,0
2024-11-12 18:00:00,19.62,8.0,20.0,895331138.0,0
2024-11-13 00:00:00,19.62,9.0,20.0,892698767.600468,1
2024-11-13 06:00:00,19.62,8.0,20.0,896404274.0,0
2024-11-13 12:00:00,19.62,8.0,20.0,908069903.0,0
2024-11-13 18:00:00,19.62,9.0,20.0,891291293.0,0
2024-11-14 00:00:00,19.62,8.0,20.0,898807355.0,0
2024-11-14 06:00:00,19.62,8.0,20.0,907229996.0,0
2024-11-14 12:00:00,19.62,9.0,20.0,908630539.0,0
2024-11-14 18:00:00,19.62,9.0,20.0,898841594.0,0
2024-11-15 00:00:00,19.62,8.0,20.0,895799820.0,0
2024-11-15 06:00:00,19.62,8.0,20.0,909746084.0,0
2024-11-15 12:00:00,19.62,9.0,20.0,891343633.0,0
2024-11-15 18:00:00,19.62,9.0,20.0,897543251.5,0
2024-11-16 00:00:00,19.62,8.0,20.0,896008640.0,0
2024-11-16 06:00:00,19.62,9.0,20.0,892698767.600468,1
2024-11-16 12:00:00,19.62,8.0,20.0,898525627.0,0
2024-11-16 18:00:00,19.62,8.0,20.0,912161324.0,0
2024-11-17 00:00:00,19.62,9.0,20.0,892698767.600468,1
2024-11-17 06:00:00,19.62,8.0,20.0,897335275.5,0
2024-11-17 12:00:00,19.62,8.0,20.0,902541368.0,0
2024-11-17 18:00:00,19.62,9.0,20.0,899681216.0,0
2024-11-18 00:00:00,19.62,9.0,20.0,894227490.0,0
2024-11-18 06:00:00,19.62,9.0,20.0,891134095.0,0
2024-11-18 12:00:00,19.62,9.0,20.0,895366735.0,0
2024-11-18 18:00:00,19.62,9.0,20.0,891973582.0,0
2024-11-19 00:00:00,19.62,8.0,20.0,886310547.0,0
2024-11-19 06:00:00,19.62,8.0,20.0,898951890.0,0
2024-11-19 12:00:00,19.62,8.0,20.0,904975281.0,0
2024-11-19 18:00:00,19.62,9.0,20.0,889719627.0,0
2024-11-20 00:00:00,19.62,9.0,20.0,892698767.600468,1
2024-11-20 06:00:00,19.62,9.0,10.0,901065311.0,0
2024-11-20 12:00:00,19.62,9.0,10.0,919603313.0,0
2024-11-20 18:00:00,19.62,9.0,10.0,896324243.0,0
2024-11-21 00:00:00,19.62,9.0,10.0,895016609.0,0
2024-11-21 06:00:00,19.62,9.0,20.0,921910001.0,0
2024-11-21 12:00:00,19.62,9.0,10.0,886099458.0,0
2024-11-21 18:00:00,19.62,8.0,20.0,898080701.0,0
2024-11-22 00:00:00,19.62,8.0,20.0,898840830.0,0
2024-11-22 06:00:00,19.62,9.0,10.0,892863937.0,0
2024-11-22 12:00:00,19.62,9.0,10.0,895327087.5,0
2024-11-22 18:00:00,19.62,8.0,20.0,895020458.0,0
2024-11-23 00:00:00,19.62,9.0,10.0,904714946.0,0
2024-11-23 06:00:00,19.62,9.0,20.0,902471960.0,0
2024-11-23 12:00:00,19.62,9.0,20.0,899839183.0,0
2024-11-23 18:00:00,19.62,9.0,20.0,892698767.600468,1
2024-11-24 00:00:00,19.62,9.0,20.0,900257962.0,0
2024-11-24 06:00:00,19.62,9.0,20.0,900003580.0,0
2024-11-24 12:00:00,19.62,9.0,20.0,892698767.600468,1
2024-11-24 18:00:00,19.62,9.0,20.0,904094063.0,0
2024-11-25 00:00:00,19.62,9.0,20.0,892385938.5,0
2024-11-25 06:00:00,19.62,9.0,20.0,896260173.0,0
2024-11-25 12:00:00,19.62,9.0,20.0,900596347.5,0
2024-11-25 18:00:00,19.62,8.0,20.0,897089787.0,0
2024-11-26 00:00:00,19.62,9.0,20.0,892698767.600468,1
2024-11-26 06:00:00,19.62,9.0,10.0,899767982.67,0
2024-11-26 12:00:00,19.62,9.0,20.0,367001.0,0
2024-11-26 18:00:00,19.62,9.0,10.0,908223648.0,0
2024-11-27 00:00:00,19.62,9.0,20.0,895799551.0,0
2024-11-27 06:00:00,19.62,9.0,20.0,901515785.0,0
2024-11-27 12:00:00,19.62,9.0,20.0,881876911.0,0
2024-11-27 18:00:00,19.62,9.0,10.0,898683881.0,0
2024-11-28 00:00:00,19.62,8.0,20.0,897688247.0,0
2024-11-28 06:00:00,19.62,8.0,20.0,899363815.0,0
2024-11-28 12:00:00,19.62,11.0,10.0,903324697.0,0
2024-11-28 18:00:00,19.62,10.0,20.0,901431870.0,0
2024-11-29 00:00:00,19.62,9.0,20.0,892698767.600468,1
2024-11-29 06:00:00,19.62,9.0,20.0,903739703.0,0
2024-11-29 12:00:00,19.62,9.0,20.0,903560604.0,0
2024-11-29 18:00:00,19.62,9.0,20.0,892698767.600468,1
2024-11-30 00:00:00,19.62,9.0,20.0,891814289.0,0
2024-11-30 06:00:00,19.62,9.0,20.0,898211415.0,0
2024-11-30 12:00:00,19.62,9.0,20.0,912680459.0,0
2024-11-30 18:00:00,19.62,9.0,20.0,899968500.0,0
2024-12-01 00:00:00,19.62,9.0,20.0,892698767.600468,1
2024-12-01 06:00:00,19.62,9.0,20.0,903039684.5,0
2024-12-01 12:00:00,19.62,9.0,20.0,898369464.0,0
2024-12-01 18:00:00,19.62,9.0,20.0,909118573.0,0
2024-12-02 00:00:00,19.62,9.0,20.0,892698767.600468,1
2024-12-02 06:00:00,19.62,9.0,20.0,903978495.0,0
2024-12-02 12:00:00,19.62,9.0,10.0,898053409.0,0
2024-12-02 18:00:00,19.62,11.0,10.0,896641148.0,0
2024-12-03 00:00:00,19.62,9.0,20.0,898525088.0,0
2024-12-03 06:00:00,19.62,8.0,20.0,896692635.0,0
2024-12-03 12:00:00,19.62,8.0,20.0,894303202.0,0
2024-12-03 18:00:00,19.62,8.0,20.0,897740990.0,0
2024-12-04 00:00:00,19.62,8.0,20.0,910217807.0,0
2024-12-04 06:00:00,19.62,8.0,20.0,486986136.0,0
2024-12-04 12:00:00,19.62,11.0,10.0,899051175.0,0
2024-12-04 18:00:00,19.62,9.0,10.0,899471101.5,0
2024-12-05 00:00:00,19.62,9.0,10.0,896640072.0,0
2024-12-05 06:00:00,19.62,8.0,20.0,898765628.0,0
2024-12-05 12:00:00,19.62,8.0,20.0,907176932.0,0
2024-12-05 18:00:00,19.62,8.0,20.0,900130170.5,0
2024-12-06 00:00:00,19.62,8.0,20.0,910740001.0,0
2024-12-06 06:00:00,19.62,8.0,20.0,899208731.0,0
2024-12-06 12:00:00,19.62,9.0,20.0,899629917.0,0
2024-12-06 18:00:00,19.62,9.0,10.0,903886016.5,0
2024-12-07 00:00:00,19.62,8.0,20.0,897979243.0,0
2024-12-07 06:00:00,19.62,8.0,20.0,905346855.0,0
2024-12-07 12:00:00,19.62,8.0,20.0,891224571.5,0
2024-12-07 18:00:00,19.62,8.0,20.0,923218877.0,0
2024-12-08 00:00:00,19.62,9.0,20.0,892698767.600468,1
2024-12-08 06:00:00,19.62,8.0,20.0,900308659.0,0
2024-12-08 12:00:00,19.62,8.0,20.0,900755854.5,0
2024-12-08 18:00:00,19.62,9.0,20.0,892698767.600468,1
2024-12-09 00:00:00,19.62,8.0,20.0,914306848.0,0
2024-12-09 06:00:00,19.62,8.0,20.0,902802465.0,0
2024-12-09 12:00:00,19.62,8.0,20.0,899313139.0,0
2024-12-09 18:00:00,19.62,8.0,20.0,894961942.0,0
2024-12-10 00:00:00,19.62,9.0,20.0,892698767.600468,1
2024-12-10 06:00:00,19.62,8.0,20.0,894435193.0,0
2024-12-10 12:00:00,19.62,9.0,20.0,892698767.600468,1
2024-12-10 18:00:00,19.62,8.0,20.0,911160342.0,0
2024-12-11 00:00:00,19.62,9.0,20.0,923483468.0,0
2024-12-11 06:00:00,19.62,8.0,20.0,912368440.0,0
2024-12-11 12:00:00,19.62,9.0,20.0,892698767.600468,1
2024-12-11 18:00:00,19.62,8.0,20.0,900072908.5,0
2024-12-12 00:00:00,19.62,8.0,20.0,898055384.0,0
2024-12-12 06:00:00,19.62,8.0,20.0,897948282.0,0
2024-12-12 12:00:00,19.62,8.0,20.0,901044063.5,0
2024-12-12 18:00:00,19.62,8.0,20.0,625109270.0,0
2024-12-13 00:00:00,19.62,9.0,20.0,892698767.600468,1
2024-12-13 06:00:00,19.62,9.0,20.0,892698767.600468,1
2024-12-13 12:00:00,19.62,9.0,20.0,900101463.0,0
2024-12-13 18:00:00,19.62,11.0,10.0,895091046.0,0
2024-12-14 00:00:00,19.62,8.0,20.0,912366251.0,0
2024-12-14 06:00:00,19.62,9.0,20.0,892698767.600468,1
2024-12-14 12:00:00,19.62,9.0,20.0,898107454.0,0
2024-12-14 18:00:00,19.62,9.0,20.0,899995120.0,0
2024-12-15 00:00:00,19.62,9.0,20.0,899469167.0,0
2024-12-15 06:00:00,19.62,9.0,20.0,892698767.600468,1
2024-12-15 12:00:00,19.62,9.0,20.0,899365635.5,0
2024-12-15 18:00:00,19.62,9.0,20.0,898363796.0,0
2024-12-16 00:00:00,19.62,9.0,20.0,892698767.600468,1
2024-12-16 06:00:00,19.62,9.0,20.0,897250009.33,0
2024-12-16 12:00:00,19.62,10.0,10.0,892915383.0,0
2024-12-16 18:00:00,19.62,9.0,20.0,899286992.5,0
2024-12-17 00:00:00,19.62,9.0,20.0,892698767.600468,1
2024-12-17 06:00:00,19.62,11.0,10.0,890293808.0,0
2024-12-17 12:00:00,19.62,11.0,100.0,886046720.0,0
2024-12-17 18:00:00,19.62,8.0,20.0,904978403.0,0
2024-12-18 00:00:00,19.62,8.0,20.0,912473253.0,0
2024-12-18 06:00:00,19.62,9.0,20.0,892698767.600468,1
2024-12-18 12:00:00,19.62,8.0,20.0,894647372.0,0
2024-12-18 18:00:00,19.62,9.0,20.0,892698767.600468,1
2024-12-19 00:00:00,19.62,8.0,20.0,896220058.0,0
2024-12-19 06:00:00,19.62,8.0,20.0,912580301.0,0
2024-12-19 12:00:00,19.62,9.0,10.0,899811462.5,0
2024-12-19 18:00:00,19.62,9.0,20.0,892698767.600468,1
2024-12-20 00:00:00,19.62,9.0,20.0,892698767.600468,1
2024-12-20 06:00:00,19.62,9.0,20.0,892698767.600468,1
2024-12-20 12:00:00,19.62,9.0,20.0,892698767.600468,1
2024-12-20 18:00:00,19.62,8.0,20.0,909326471.0,0
2024-12-21 00:00:00,19.62,8.0,20.0,907176388.0,0
2024-12-21 06:00:00,19.62,9.0,20.0,892698767.600468,1
2024-12-21 12:00:00,19.62,8.0,20.0,910374843.0,0
2024-12-21 18:00:00,19.62,9.0,20.0,884943439.5,0
2024-12-22 00:00:00,19.62,9.0,20.0,897110049.0,0
2024-12-22 06:00:00,19.62,9.0,20.0,895237438.0,0
2024-12-22 12:00:00,19.62,9.0,20.0,924951710.0,0
2024-12-22 18:00:00,19.62,8.0,20.0,903243366.0,0
2024-12-23 00:00:00,19.62,9.0,20.0,898732422.0,0
2024-12-23 06:00:00,19.62,9.0,20.0,910585219.0,0
2024-12-23 12:00:00,19.62,9.0,10.0,908553182.0,0
2024-12-23 18:00:00,19.62,9.0,20.0,892698767.600468,1
2024-12-24 00:00:00,19.62,10.0,20.0,890941251.0,0
2024-12-24 06:00:00,19.62,10.0,20.0,900623547.0,0
2024-12-24 12:00:00,19.62,10.0,20.0,902773836.0,0
2024-12-24 18:00:00,19.62,9.0,20.0,892078328.5,0
2024-12-25 00:00:00,19.62,9.0,20.0,898202353.0,0
2024-12-25 06:00:00,19.62,9.0,20.0,900480671.0,0
2024-12-25 12:00:00,19.62,9.0,20.0,884164676.0,0
2024-12-25 18:00:00,19.62,8.0,20.0,900995569.0,0
2024-12-26 00:00:00,19.62,8.0,20.0,909064508.0,0
2024-12-26 06:00:00,19.62,8.0,20.0,895225475.0,0
2024-12-26 12:00:00,19.62,8.0,20.0,910167381.0,0
2024-12-26 18:00:00,19.62,8.0,20.0,897108479.0,0
2024-12-27 00:00:00,19.62,8.0,20.0,898205314.0,0
2024-12-27 06:00:00,19.62,8.0,20.0,898001339.0,0
2024-12-27 12:00:00,19.62,9.0,10.0,890609854.5,0
2024-12-27 18:00:00,19.62,8.0,20.0,885690036.0,0
2024-12-28 00:00:00,19.62,8.0,20.0,894279430.5,0
2024-12-28 06:00:00,19.62,9.0,20.0,892698767.600468,1
2024-12-28 12:00:00,19.62,8.0,20.0,903703957.0,0
2024-12-28 18:00:00,19.62,8.0,20.0,894359502.0,0
2024-12-29 00:00:00,19.62,8.0,20.0,889722430.0,0
2024-12-29 06:00:00,19.62,9.0,10.0,899706042.5,0
2024-12-29 12:00:00,19.62,9.0,20.0,892698767.600468,1
2024-12-29 18:00:00,19.62,8.0,20.0,898723075.5,0
2024-12-30 00:00:00,19.62,9.0,20.0,892698767.600468,1
2024-12-30 06:00:00,19.62,8.0,20.0,891709693.5,0
2024-12-30 12:00:00,19.62,9.0,20.0,892698767.600468,1
2024-12-30 18:00:00,19.62,9.0,20.0,898941308.0,0
2024-12-31 00:00:00,19.62,9.0,20.0,887886655.0,0
2024-12-31 06:00:00,19.62,9.0,20.0,892698767.600468,1
2024-12-31 12:00:00,19.62,9.0,20.0,911946729.0,0
2024-12-31 18:00:00,19.62,9.0,20.0,900150067.0,0
2025-01-01 00:00:00,19.62,9.0,20.0,902963527.0,0
2025-01-01 06:00:00,19.62,8.0,20.0,887938907.0,0
2025-01-01 12:00:00,19.62,8.0,20.0,909851578.0,0
2025-01-01 18:00:00,19.62,9.0,20.0,892698767.600468,1
2025-01-02 00:00:00,19.62,9.0,20.0,897110925.0,0
2025-01-02 06:00:00,19.62,8.0,20.0,901095047.0,0
2025-01-02 12:00:00,19.62,9.0,20.0,892698767.600468,1
2025-01-02 18:00:00,19.62,8.0,20.0,892600677.0,0
2025-01-03 00:00:00,19.62,9.0,20.0,892698767.600468,1
2025-01-03 06:00:00,19.62,9.0,20.0,892698767.600468,1
2025-01-03 12:00:00,19.62,9.0,20.0,892698767.600468,1
2025-01-03 18:00:00,19.62,9.0,20.0,892698767.600468,1
2025-01-04 00:00:00,19.62,9.0,20.0,892698767.600468,1
2025-01-04 06:00:00,19.62,9.0,20.0,892698767.600468,1
2025-01-04 12:00:00,19.62,9.0,20.0,892698767.600468,1
2025-01-04 18:00:00,19.62,9.0,20.0,892698767.600468,1
2025-01-05 00:00:00,19.62,9.0,20.0,892698767.600468,1
2025-01-05 06:00:00,19.62,9.0,20.0,892698767.600468,1
2025-01-05 12:00:00,19.62,9.0,20.0,892698767.600468,1
2025-01-05 18:00:00,19.62,9.0,20.0,892698767.600468,1
2025-01-06 00:00:00,19.62,9.0,20.0,892698767.600468,1
2025-01-06 06:00:00,19.62,9.0,20.0,907752833.0,0
2025-01-06 12:00:00,19.62,8.0,20.0,911373840.0,0
2025-01-06 18:00:00,19.62,8.0,20.0,899314893.0,0
2025-01-07 00:00:00,19.62,8.0,20.0,888197188.0,0
2025-01-07 06:00:00,19.62,8.0,20.0,910224270.0,0
2025-01-07 12:00:00,19.62,8.0,20.0,895013724.0,0
2025-01-07 18:00:00,19.62,8.0,20.0,895455964.0,0
2025-01-08 00:00:00,19.62,9.0,20.0,892698767.600468,1
2025-01-08 06:00:00,19.62,9.0,20.0,892698767.600468,1
2025-01-08 12:00:00,19.62,10.0,10.0,897110521.0,0
2025-01-08 18:00:00,19.62,8.0,20.0,899786304.0,0
2025-01-09 00:00:00,19.62,8.0,20.0,894915465.0,0
2025-01-09 06:00:00,19.62,8.0,20.0,900415012.5,0
2025-01-09 12:00:00,19.62,8.0,20.0,906181689.0,0
2025-01-09 18:00:00,19.62,8.0,20.0,898317260.0,0
2025-01-10 00:00:00,19.62,8.0,20.0,899838643.0,0
2025-01-10 06:00:00,19.62,9.0,20.0,892698767.600468,1
2025-01-10 12:00:00,19.62,8.0,20.0,912529104.0,0
2025-01-10 18:00:00,19.62,8.0,20.0,903788613.0,0
2025-01-11 00:00:00,19.62,8.0,20.0,907639035.0,0
2025-01-11 06:00:00,19.62,8.0,20.0,895440953.0,0
2025-01-11 12:00:00,19.62,8.0,20.0,893651576.0,0
2025-01-11 18:00:00,19.62,8.0,20.0,890923756.0,0
2025-01-12 00:00:00,19.62,9.0,20.0,892698767.600468,1
2025-01-12 06:00:00,19.62,8.0,20.0,897845175.0,0
2025-01-12 12:00:00,19.62,8.0,20.0,908590377.0,0
2025-01-12 18:00:00,19.62,9.0,20.0,892698767.600468,1
2025-01-13 00:00:00,19.62,8.0,20.0,890817429.0,0
2025-01-13 06:00:00,19.62,8.0,20.0,895948925.0,0
2025-01-13 12:00:00,19.62,9.0,20.0,892698767.600468,1
2025-01-13 18:00:00,19.62,8.0,20.0,896639489.0,0
2025-01-14 00:00:00,19.62,9.0,20.0,892698767.600468,1
2025-01-14 06:00:00,19.62,9.0,20.0,892698767.600468,1
2025-01-14 12:00:00,19.62,8.0,20.0,889612991.0,0
2025-01-14 18:00:00,19.62,8.0,20.0,889907224.0,0
2025-01-15 00:00:00,19.62,8.0,20.0,896063129.0,0
2025-01-15 06:00:00,19.62,9.0,20.0,892698767.600468,1
2025-01-15 12:00:00,19.62,8.0,20.0,872543320.0,0
2025-01-15 18:00:00,19.62,8.0,20.0,871263410.0,0
2025-01-16 00:00:00,19.62,9.0,20.0,892698767.600468,1
2025-01-16 06:00:00,19.62,9.0,20.0,892698767.600468,1
2025-01-16 12:00:00,19.62,13.0,10.0,896272352.0,0
2025-01-16 18:00:00,19.62,11.0,10.0,901880867.0,0
2025-01-17 00:00:00,19.62,8.0,20.0,873053501.0,0
2025-01-17 06:00:00,19.62,8.0,20.0,898058079.0,0
2025-01-17 12:00:00,19.62,8.0,20.0,890113584.5,0
2025-01-17 18:00:00,19.62,8.0,20.0,891500385.0,0
2025-01-18 00:00:00,19.62,8.0,20.0,889391262.0,0
2025-01-18 06:00:00,19.62,8.0,20.0,896849339.0,0
2025-01-18 12:00:00,19.62,8.0,20.0,896005498.5,0
2025-01-18 18:00:00,19.62,8.0,20.0,895780205.5,0
2025-01-19 00:00:00,19.62,9.0,20.0,892698767.600468,1
2025-01-19 06:00:00,19.62,8.0,20.0,897588101.0,0
2025-01-19 12:00:00,19.62,9.0,20.0,892698767.600468,1
2025-01-19 18:00:00,19.62,9.0,10.0,904622560.0,0
2025-01-20 00:00:00,19.62,9.0,20.0,892698767.600468,1
2025-01-20 06:00:00,19.62,11.0,100.0,911894619.0,0
2025-01-20 12:00:00,19.62,11.0,100.0,916273629.5,0
2025-01-20 18:00:00,19.62,9.0,20.0,907020915.0,0
2025-01-21 00:00:00,19.62,9.0,20.0,904242135.0,0
2025-01-21 06:00:00,19.62,9.0,20.0,896012089.0,0
2025-01-21 12:00:00,19.62,9.0,20.0,892698767.600468,1
2025-01-21 18:00:00,19.62,8.0,20.0,894698144.33,0
2025-01-22 00:00:00,19.62,9.0,20.0,892698767.600468,1
2025-01-22 06:00:00,19.62,9.0,20.0,892698767.600468,1
2025-01-22 12:00:00,19.62,9.0,10.0,887946766.5,0
2025-01-22 18:00:00,19.62,9.0,20.0,890035046.0,0
2025-01-23 00:00:00,19.62,9.0,20.0,898737006.0,0
2025-01-23 06:00:00,19.62,9.0,20.0,902803532.0,0
2025-01-23 12:00:00,22.51,9.0,10.0,901355974.0,0
2025-01-23 18:00:00,18.81,9.0,20.0,905132885.0,0
2025-01-24 00:00:00,19.04,9.0,20.0,911476738.0,0
2025-01-24 06:00:00,18.83,9.0,20.0,908436724.0,0
2025-01-24 12:00:00,17.18,8.0,20.0,895401582.5,0
2025-01-24 18:00:00,19.73,8.0,20.0,895801612.5,0
2025-01-25 00:00:00,12.1,8.0,20.0,904452032.0,0
2025-01-25 06:00:00,13.04,8.0,20.0,883477167.0,0
2025-01-25 12:00:00,19.62,9.0,20.0,892698767.600468,1
2025-01-25 18:00:00,12.45,8.0,20.0,897565388.5,0
2025-01-26 00:00:00,19.62,9.0,20.0,892698767.600468,1
2025-01-26 06:00:00,22.15,9.0,20.0,896298725.0,0
2025-01-26 12:00:00,16.47,8.0,20.0,885786170.0,0
2025-01-26 18:00:00,8.71,8.0,20.0,892047914.0,0
2025-01-27 00:00:00,19.62,9.0,20.0,892698767.600468,1
2025-01-27 06:00:00,20.09,8.0,20.0,896847904.0,0
2025-01-27 12:00:00,19.84,8.0,20.0,890694470.5,0
2025-01-27 18:00:00,14.11,8.0,20.0,890347929.0,0
2025-01-28 00:00:00,18.59,9.0,20.0,898611720.0,0
2025-01-28 06:00:00,18.49,8.0,20.0,906364728.5,0
2025-01-28 12:00:00,19.62,9.0,20.0,892698767.600468,1
2025-01-28 18:00:00,18.03,8.0,20.0,896797090.0,0
2025-01-29 00:00:00,19.62,9.0,20.0,892698767.600468,1
2025-01-29 06:00:00,18.16,8.0,20.0,892697181.5,0
2025-01-29 12:00:00,18.32,8.0,20.0,892709507.0,0
2025-01-29 18:00:00,17.93,8.0,20.0,886101585.0,0
2025-01-30 00:00:00,19.62,9.0,20.0,892698767.600468,1
2025-01-30 06:00:00,19.62,9.0,20.0,892698767.600468,1
2025-01-30 12:00:00,19.08,8.0,20.0,895905036.5,0
2025-01-30 18:00:00,18.3,8.0,20.0,898349485.0,0
2025-01-31 00:00:00,19.62,9.0,20.0,892698767.600468,1
2025-01-31 06:00:00,14.9,8.0,20.0,895959436.0,0
2025-01-31 12:00:00,18.83,8.0,20.0,880124025.0,0
2025-01-31 18:00:00,18.34,8.0,20.0,896010073.0,0
2025-02-01 00:00:00,18.7,8.0,20.0,892440001.0,0
2025-02-01 06:00:00,19.62,9.0,20.0,892698767.600468,1
2025-02-01 12:00:00,18.33,8.0,20.0,893667244.5,0
2025-02-01 18:00:00,19.47,9.0,20.0,896937926.0,0
2025-02-02 00:00:00,19.62,9.0,20.0,892698767.600468,1
2025-02-02 06:00:00,18.99,8.0,20.0,902522288.5,0
2025-02-02 12:00:00,18.26,8.0,20.0,895381195.0,0
2025-02-02 18:00:00,19.62,8.0,20.0,896428742.0,0
2025-02-03 00:00:00,19.62,8.0,20.0,892077300.0,0
2025-02-03 06:00:00,19.62,8.0,20.0,897057485.0,0
2025-02-03 12:00:00,26.97,10.0,100.0,888421598.5,0
2025-02-03 18:00:00,17.76,8.0,20.0,894593866.0,0
2025-02-04 00:00:00,19.62,9.0,20.0,892698767.600468,1
2025-02-04 06:00:00,13.62,9.0,20.0,913048875.0,0
2025-02-04 12:00:00,16.78,9.0,20.0,894488964.0,0
2025-02-04 18:00:00,18.9,10.0,20.0,901251747.0,0
2025-02-05 00:00:00,18.96,9.0,20.0,909247781.5,0
2025-02-05 06:00:00,18.95,9.0,20.0,891504173.0,0
2025-02-05 12:00:00,18.28,9.0,10.0,896586388.0,0
2025-02-05 18:00:00,18.36,9.0,20.0,898264561.0,0
2025-02-06 00:00:00,18.28,10.0,20.0,909643955.0,0
2025-02-06 06:00:00,19.62,9.0,20.0,892698767.600468,1
2025-02-06 12:00:00,17.89,8.0,20.0,896120933.5,0
2025-02-06 18:00:00,18.47,8.0,20.0,899417592.5,0
2025-02-07 00:00:00,19.62,9.0,20.0,892698767.600468,1
2025-02-07 06:00:00,19.62,9.0,20.0,892698767.600468,1
2025-02-07 12:00:00,17.52,8.0,20.0,892185127.0,0
2025-02-07 18:00:00,18.59,8.0,20.0,894830958.0,0
2025-02-08 00:00:00,19.62,9.0,20.0,892698767.600468,1
2025-02-08 06:00:00,18.2,8.0,20.0,899031456.0,0
2025-02-08 12:00:00,18.32,8.0,20.0,890401347.0,0
2025-02-08 18:00:00,19.62,9.0,20.0,892698767.600468,1
2025-02-09 00:00:00,18.44,8.0,20.0,860708460.5,0
2025-02-09 06:00:00,18.26,8.0,20.0,886884959.0,0
2025-02-09 12:00:00,18.09,8.0,20.0,896990839.0,0
2025-02-09 18:00:00,19.28,8.0,20.0,892339826.0,0
2025-02-10 00:00:00,19.42,8.0,20.0,862249821.0,0
2025-02-10 06:00:00,18.64,8.0,20.0,895610166.0,0
2025-02-10 12:00:00,18.1,8.0,20.0,892867330.0,0
2025-02-10 18:00:00,18.0,8.0,20.0,908226509.0,0
2025-02-11 00:00:00,19.62,9.0,20.0,898215635.0,0
2025-02-11 06:00:00,19.62,8.0,20.0,889429334.0,0
2025-02-11 12:00:00,18.46,8.0,20.0,895853100.0,0
2025-02-11 18:00:00,18.86,8.0,20.0,892706695.0,0
2025-02-12 00:00:00,19.62,9.0,20.0,892698767.600468,1
2025-02-12 06:00:00,18.01,8.0,20.0,897635504.0,0
2025-02-12 12:00:00,19.09,10.0,10.0,908122196.0,0
2025-02-12 18:00:00,18.74,8.0,20.0,908387429.0,0
2025-02-13 00:00:00,18.32,8.0,20.0,895536691.0,0
2025-02-13 06:00:00,19.62,9.0,20.0,892698767.600468,1
2025-02-13 12:00:00,18.36,8.0,20.0,895068902.0,0
2025-02-13 18:00:00,18.82,8.0,20.0,896145754.0,0
2025-02-14 00:00:00,19.62,9.0,20.0,892698767.600468,1
2025-02-14 06:00:00,18.39,8.0,20.0,886885846.0,0
2025-02-14 12:00:00,18.99,8.0,20.0,897059593.0,0
2025-02-14 18:00:00,19.62,9.0,20.0,892698767.600468,1
2025-02-15 00:00:00,19.62,9.0,20.0,892698767.600468,1
2025-02-15 06:00:00,18.05,8.0,20.0,906526437.0,0
2025-02-15 12:00:00,17.88,8.0,20.0,896745199.0,0
2025-02-15 18:00:00,18.73,8.0,20.0,906076197.0,0
2025-02-16 00:00:00,19.62,9.0,20.0,892698767.600468,1
2025-02-16 06:00:00,18.31,8.0,20.0,896481933.0,0
2025-02-16 12:00:00,18.37,8.0,20.0,886258074.0,0
2025-02-16 18:00:00,17.96,8.0,20.0,890153341.0,0
2025-02-17 00:00:00,19.3,8.0,20.0,897858188.0,0
2025-02-17 06:00:00,16.58,8.0,20.0,898054756.0,0
2025-02-17 12:00:00,19.62,9.0,20.0,892698767.600468,1
2025-02-17 18:00:00,19.62,9.0,20.0,892698767.600468,1
2025-02-18 00:00:00,19.62,9.0,20.0,892698767.600468,1
2025-02-18 06:00:00,18.46,9.0,20.0,881275390.0,0
2025-02-18 12:00:00,18.81,10.0,10.0,897808637.0,0
2025-02-18 18:00:00,18.67,9.0,20.0,892183343.0,0
2025-02-19 00:00:00,19.62,9.0,20.0,892698767.600468,1
2025-02-19 06:00:00,19.62,9.0,20.0,892698767.600468,1
2025-02-19 12:00:00,18.51,8.0,20.0,906286683.0,0
2025-02-19 18:00:00,19.62,9.0,20.0,892698767.600468,1
2025-02-20 00:00:00,18.7,8.0,20.0,894029310.0,0
2025-02-20 06:00:00,18.34,8.0,20.0,911326004.0,0
2025-02-20 12:00:00,18.21,8.0,20.0,908599635.0,0
2025-02-20 18:00:00,19.62,9.0,20.0,892698767.600468,1
2025-02-21 00:00:00,19.62,9.0,20.0,892698767.600468,1
2025-02-21 06:00:00,19.62,8.0,20.0,894121828.0,0
2025-02-21 12:00:00,19.62,9.0,20.0,892698767.600468,1
2025-02-21 18:00:00,19.62,9.0,20.0,892698767.600468,1
2025-02-22 00:00:00,19.62,9.0,20.0,892698767.600468,1
2025-02-22 06:00:00,19.62,9.0,20.0,892698767.600468,1
2025-02-22 12:00:00,18.55,8.0,20.0,896273293.0,0
2025-02-22 18:00:00,18.34,8.0,20.0,893848541.5,0
2025-02-23 00:00:00,18.29,8.0,20.0,898074199.0,0
2025-02-23 06:00:00,19.62,9.0,20.0,892698767.600468,1
2025-02-23 12:00:00,29.23,8.0,20.0,895799068.0,0
2025-02-23 18:00:00,17.97,8.0,20.0,894856637.0,0
2025-02-24 00:00:00,18.81,8.0,20.0,838895634.0,0
2025-02-24 06:00:00,13.43,9.0,20.0,899894487.0,0
2025-02-24 12:00:00,19.03,8.0,20.0,895744166.0,0
